-- Seed data maintained directly as SQL.
-- Loaded by Supabase using supabase/config.toml [db.seed]. Edit this file directly when catalog values change.

INSERT INTO public.crops (id, name, normalized_name, active) VALUES
  ('aguacate', 'Aguacate', 'aguacate', TRUE),
  ('cacao', 'Cacao', 'cacao', TRUE),
  ('cafe', 'Café', 'cafe', TRUE),
  ('cana_azucar', 'Caña de azúcar', 'cana de azucar', TRUE),
  ('limon', 'Limón', 'limon', TRUE),
  ('mandarina', 'Mandarina', 'mandarina', TRUE),
  ('mango', 'Mango', 'mango', TRUE),
  ('naranja', 'Naranja', 'naranja', TRUE),
  ('palma_aceite', 'Palma de aceite', 'palma de aceite', TRUE),
  ('platano', 'Plátano', 'platano', TRUE)
ON CONFLICT (id) DO UPDATE SET name = EXCLUDED.name, normalized_name = EXCLUDED.normalized_name, active = EXCLUDED.active;

INSERT INTO public.varieties (id, crop_id, name, normalized_name, active) VALUES
  ('aguacate_hass', 'aguacate', 'Hass', 'hass', TRUE),
  ('cacao_criollo', 'cacao', 'Criollo', 'criollo', TRUE),
  ('cafe_castillo', 'cafe', 'Castillo', 'castillo', TRUE),
  ('cana_azucar_criolla', 'cana_azucar', 'Criolla', 'criolla', TRUE),
  ('cana_azucar_poj_2878', 'cana_azucar', 'POJ 2878', 'poj 2878', TRUE),
  ('cana_azucar_cc_93_7711_pierna_bella', 'cana_azucar', 'CC 93-7711 Pierna Bella', 'cc 93 7711 pierna bella', TRUE),
  ('limon_tahiti', 'limon', 'Tahití', 'tahiti', TRUE),
  ('limon_comun', 'limon', 'Común', 'comun', TRUE),
  ('limon_mandarino', 'limon', 'Mandarino', 'mandarino', TRUE),
  ('mandarina_comun', 'mandarina', 'Común', 'comun', TRUE),
  ('mango_tommy', 'mango', 'Tommy', 'tommy', TRUE),
  ('naranja_valencia', 'naranja', 'Valencia', 'valencia', TRUE),
  ('naranja_comun', 'naranja', 'Común', 'comun', TRUE),
  ('palma_aceite_hibrido_oxg', 'palma_aceite', 'Híbrido (OxG)', 'hibrido oxg', TRUE),
  ('palma_aceite_elaeis_guineensis', 'palma_aceite', 'Elaeis guineensis', 'elaeis guineensis', TRUE),
  ('platano_dominico_harton', 'platano', 'Domínico hartón', 'dominico harton', TRUE)
ON CONFLICT (id) DO UPDATE SET crop_id = EXCLUDED.crop_id, name = EXCLUDED.name, normalized_name = EXCLUDED.normalized_name, active = EXCLUDED.active;

INSERT INTO public.crop_variety_agronomic_profiles (crop_id, variety_id, lifecycle_months, lifecycle_years, harvest_start_month, harvest_start_year, default_row_distance_m, default_plant_distance_m, default_density_plants_ha, harvest_years, support_years, source_row, source_row_data) VALUES
  ('aguacate', 'aguacate_hass', 240, 20, 36, 3, 7, 7, 236, 17, 19, 2, '{"AÑOS_COSECHA": 17, "AÑOS_SOSTENIM": 19, "AÑO_INI_COSECHA2": 3, "CICLO_VIDA_AÑO": 20, "CICLO_VIDA_MES": 240, "CULTIVO": "Aguacate  Hass", "Culitvo": "Aguacate", "DENSIDAD_SIEMBRA": 236, "DISTANCIA_PLANTAS": 7, "DISTANCIA_SURCOS": 7, "MES_INI_COSECHA": 36, "Variedad": "Hass"}'::jsonb),
  ('cacao', 'cacao_criollo', 240, 20, 24, 3, 3.5, 3, 952, 18, 19, 3, '{"AÑOS_COSECHA": 18, "AÑOS_SOSTENIM": 19, "AÑO_INI_COSECHA2": 3, "CICLO_VIDA_AÑO": 20, "CICLO_VIDA_MES": 240, "CULTIVO": "Cacao Criollo", "Culitvo": "Cacao", "DENSIDAD_SIEMBRA": 952, "DISTANCIA_PLANTAS": 3, "DISTANCIA_SURCOS": 3.5, "MES_INI_COSECHA": 24, "Variedad": "Criollo"}'::jsonb),
  ('cafe', 'cafe_castillo', 168, 14, 12, 1, 2, 1, 5000, 12, 12, 4, '{"AÑOS_COSECHA": 12, "AÑOS_SOSTENIM": 12, "AÑO_INI_COSECHA2": 1, "CICLO_VIDA_AÑO": 14, "CICLO_VIDA_MES": 168, "CULTIVO": "Café Castillo", "Culitvo": "Café", "DENSIDAD_SIEMBRA": 5000, "DISTANCIA_PLANTAS": 1, "DISTANCIA_SURCOS": 2, "MES_INI_COSECHA": 12, "Variedad": "Castillo"}'::jsonb),
  ('cana_azucar', 'cana_azucar_criolla', 84, 7, 12, 1, 1.5, 0.1, 66667, 6, 6, 5, '{"AÑOS_COSECHA": 6, "AÑOS_SOSTENIM": 6, "AÑO_INI_COSECHA2": 1, "CICLO_VIDA_AÑO": 7, "CICLO_VIDA_MES": 84, "CULTIVO": "Caña de azúcar Criolla", "Culitvo": "Caña de azúcar", "DENSIDAD_SIEMBRA": 66667, "DISTANCIA_PLANTAS": 0.1, "DISTANCIA_SURCOS": 1.5, "MES_INI_COSECHA": 12, "Variedad": "Criolla"}'::jsonb),
  ('cana_azucar', 'cana_azucar_poj_2878', 84, 7, 12, 1, 1.3, 0.1, 76923.07692307692, 6, 6, 6, '{"AÑOS_COSECHA": 6, "AÑOS_SOSTENIM": 6, "AÑO_INI_COSECHA2": 1, "CICLO_VIDA_AÑO": 7, "CICLO_VIDA_MES": 84, "CULTIVO": "Caña de azúcar POJ 2878", "Culitvo": "Caña de azúcar", "DENSIDAD_SIEMBRA": 76923.07692307692, "DISTANCIA_PLANTAS": 0.1, "DISTANCIA_SURCOS": 1.3, "MES_INI_COSECHA": 12, "Variedad": "POJ 2878"}'::jsonb),
  ('cana_azucar', 'cana_azucar_cc_93_7711_pierna_bella', 84, 7, 12, 1, 1.4, 0.6, 111905, 6, 6, 7, '{"AÑOS_COSECHA": 6, "AÑOS_SOSTENIM": 6, "AÑO_INI_COSECHA2": 1, "CICLO_VIDA_AÑO": 7, "CICLO_VIDA_MES": 84, "CULTIVO": "Caña de azúcar CC 93-7711 Pierna Bella", "Culitvo": "Caña de azúcar", "DENSIDAD_SIEMBRA": 111905, "DISTANCIA_PLANTAS": 0.6, "DISTANCIA_SURCOS": 1.4, "MES_INI_COSECHA": 12, "Variedad": "CC 93-7711 Pierna Bella"}'::jsonb),
  ('limon', 'limon_tahiti', 240, 20, 36, 3, 7, 7, 204, 17, 19, 8, '{"AÑOS_COSECHA": 17, "AÑOS_SOSTENIM": 19, "AÑO_INI_COSECHA2": 3, "CICLO_VIDA_AÑO": 20, "CICLO_VIDA_MES": 240, "CULTIVO": "Limón Tahití", "Culitvo": "Limón", "DENSIDAD_SIEMBRA": 204, "DISTANCIA_PLANTAS": 7, "DISTANCIA_SURCOS": 7, "MES_INI_COSECHA": 36, "Variedad": "Tahití"}'::jsonb),
  ('limon', 'limon_comun', 240, 20, 36, 3, 7, 7, 204, 17, 19, 9, '{"AÑOS_COSECHA": 17, "AÑOS_SOSTENIM": 19, "AÑO_INI_COSECHA2": 3, "CICLO_VIDA_AÑO": 20, "CICLO_VIDA_MES": 240, "CULTIVO": "Limón Común", "Culitvo": "Limón", "DENSIDAD_SIEMBRA": 204, "DISTANCIA_PLANTAS": 7, "DISTANCIA_SURCOS": 7, "MES_INI_COSECHA": 36, "Variedad": "Común"}'::jsonb),
  ('limon', 'limon_mandarino', 240, 20, 36, 3, 8, 5, 250, 17, 19, 10, '{"AÑOS_COSECHA": 17, "AÑOS_SOSTENIM": 19, "AÑO_INI_COSECHA2": 3, "CICLO_VIDA_AÑO": 20, "CICLO_VIDA_MES": 240, "CULTIVO": "Limón Mandarino", "Culitvo": "Limón", "DENSIDAD_SIEMBRA": 250, "DISTANCIA_PLANTAS": 5, "DISTANCIA_SURCOS": 8, "MES_INI_COSECHA": 36, "Variedad": "Mandarino"}'::jsonb),
  ('mandarina', 'mandarina_comun', 180, 15, 36, 3, 6.5, 6, 277, 12, 14, 11, '{"AÑOS_COSECHA": 12, "AÑOS_SOSTENIM": 14, "AÑO_INI_COSECHA2": 3, "CICLO_VIDA_AÑO": 15, "CICLO_VIDA_MES": 180, "CULTIVO": "Mandarina Común", "Culitvo": "Mandarina", "DENSIDAD_SIEMBRA": 277, "DISTANCIA_PLANTAS": 6, "DISTANCIA_SURCOS": 6.5, "MES_INI_COSECHA": 36, "Variedad": "Común"}'::jsonb),
  ('mango', 'mango_tommy', 240, 20, 36, 3, 8, 7, 236, 17, 19, 12, '{"AÑOS_COSECHA": 17, "AÑOS_SOSTENIM": 19, "AÑO_INI_COSECHA2": 3, "CICLO_VIDA_AÑO": 20, "CICLO_VIDA_MES": 240, "CULTIVO": "Mango Tommy", "Culitvo": "Mango", "DENSIDAD_SIEMBRA": 236, "DISTANCIA_PLANTAS": 7, "DISTANCIA_SURCOS": 8, "MES_INI_COSECHA": 36, "Variedad": "Tommy"}'::jsonb),
  ('naranja', 'naranja_valencia', 240, 20, 36, 3, 7, 7, 235, 17, 19, 13, '{"AÑOS_COSECHA": 17, "AÑOS_SOSTENIM": 19, "AÑO_INI_COSECHA2": 3, "CICLO_VIDA_AÑO": 20, "CICLO_VIDA_MES": 240, "CULTIVO": "Naranja Valencia", "Culitvo": "Naranja", "DENSIDAD_SIEMBRA": 235, "DISTANCIA_PLANTAS": 7, "DISTANCIA_SURCOS": 7, "MES_INI_COSECHA": 36, "Variedad": "Valencia"}'::jsonb),
  ('naranja', 'naranja_comun', 240, 20, 36, 3, 7, 7, 204, 17, 19, 14, '{"AÑOS_COSECHA": 17, "AÑOS_SOSTENIM": 19, "AÑO_INI_COSECHA2": 3, "CICLO_VIDA_AÑO": 20, "CICLO_VIDA_MES": 240, "CULTIVO": "Naranja Común", "Culitvo": "Naranja", "DENSIDAD_SIEMBRA": 204, "DISTANCIA_PLANTAS": 7, "DISTANCIA_SURCOS": 7, "MES_INI_COSECHA": 36, "Variedad": "Común"}'::jsonb),
  ('palma_aceite', 'palma_aceite_hibrido_oxg', 360, 30, 30, 2.5, 8.5, 10, 115, 27.5, 29, 15, '{"AÑOS_COSECHA": 27.5, "AÑOS_SOSTENIM": 29, "AÑO_INI_COSECHA2": 2.5, "CICLO_VIDA_AÑO": 30, "CICLO_VIDA_MES": 360, "CULTIVO": "Palma de aceite Híbrido (OxG)", "Culitvo": "Palma de aceite", "DENSIDAD_SIEMBRA": 115, "DISTANCIA_PLANTAS": 10, "DISTANCIA_SURCOS": 8.5, "MES_INI_COSECHA": 30, "Variedad": "Híbrido (OxG)"}'::jsonb),
  ('palma_aceite', 'palma_aceite_elaeis_guineensis', 300, 25, 36, 3, 7.78, 9, 143, 22, 24, 16, '{"AÑOS_COSECHA": 22, "AÑOS_SOSTENIM": 24, "AÑO_INI_COSECHA2": 3, "CICLO_VIDA_AÑO": 25, "CICLO_VIDA_MES": 300, "CULTIVO": "Palma de aceite Elaeis guineensis", "Culitvo": "Palma de aceite", "DENSIDAD_SIEMBRA": 143, "DISTANCIA_PLANTAS": 9, "DISTANCIA_SURCOS": 7.78, "MES_INI_COSECHA": 36, "Variedad": "Elaeis guineensis"}'::jsonb),
  ('platano', 'platano_dominico_harton', 60, 5, 11, 0.9, 3, 2.5, 1316, 4.1, 4, 17, '{"AÑOS_COSECHA": 4.1, "AÑOS_SOSTENIM": 4, "AÑO_INI_COSECHA2": 0.9, "CICLO_VIDA_AÑO": 5, "CICLO_VIDA_MES": 60, "CULTIVO": "Plátano Domínico hartón", "Culitvo": "Plátano", "DENSIDAD_SIEMBRA": 1316, "DISTANCIA_PLANTAS": 2.5, "DISTANCIA_SURCOS": 3, "MES_INI_COSECHA": 11, "Variedad": "Domínico hartón"}'::jsonb)
ON CONFLICT (crop_id, variety_id) DO UPDATE SET lifecycle_months = EXCLUDED.lifecycle_months, lifecycle_years = EXCLUDED.lifecycle_years, harvest_start_month = EXCLUDED.harvest_start_month, harvest_start_year = EXCLUDED.harvest_start_year, default_row_distance_m = EXCLUDED.default_row_distance_m, default_plant_distance_m = EXCLUDED.default_plant_distance_m, default_density_plants_ha = EXCLUDED.default_density_plants_ha, harvest_years = EXCLUDED.harvest_years, support_years = EXCLUDED.support_years, source_row = EXCLUDED.source_row, source_row_data = EXCLUDED.source_row_data;

INSERT INTO public.yield_curve_points (crop_id, variety_id, age_years, stage_id, potential_yield_kg_ha, default_density_plants_ha, density_factor, water_factor, source_sheet, source_row, source_row_data) VALUES
  ('aguacate', 'aguacate_hass', 1, 'establecimiento', 0, 236, 6.52542372881356, 0.75, 'Rendimientos estandar_', 2, '{"Agua": 0.75, "Cultivo": "Aguacate  Hass", "Densidad Caracteristicas": 236, "Edad": 1, "Etapa": "Establecimiento", "Factor Densidad": 6.52542372881356, "Rendimiento Ajustado": 0, "Rendimiento potencial Kg/ha": 0}'::jsonb),
  ('aguacate', 'aguacate_hass', 2, 'improductivo', 0, 236, 6.52542372881356, 0.75, 'Rendimientos estandar_', 3, '{"Agua": 0.75, "Cultivo": "Aguacate  Hass", "Densidad Caracteristicas": 236, "Edad": 2, "Etapa": "Improductivo", "Factor Densidad": 6.52542372881356, "Rendimiento Ajustado": 0, "Rendimiento potencial Kg/ha": 0}'::jsonb),
  ('aguacate', 'aguacate_hass', 3, 'mantenimiento', 1200, 236, 6.52542372881356, 0.75, 'Rendimientos estandar_', 4, '{"Agua": 0.75, "Cultivo": "Aguacate  Hass", "Densidad Caracteristicas": 236, "Edad": 3, "Etapa": "Mantenimiento", "Factor Densidad": 6.52542372881356, "Rendimiento Ajustado": 1140, "Rendimiento potencial Kg/ha": 1200}'::jsonb),
  ('aguacate', 'aguacate_hass', 4, 'mantenimiento', 3600, 236, 6.52542372881356, 0.75, 'Rendimientos estandar_', 5, '{"Agua": 0.75, "Cultivo": "Aguacate  Hass", "Densidad Caracteristicas": 236, "Edad": 4, "Etapa": "Mantenimiento", "Factor Densidad": 6.52542372881356, "Rendimiento Ajustado": 3420, "Rendimiento potencial Kg/ha": 3600}'::jsonb),
  ('aguacate', 'aguacate_hass', 5, 'mantenimiento', 8500, 236, 6.52542372881356, 0.75, 'Rendimientos estandar_', 6, '{"Agua": 0.75, "Cultivo": "Aguacate  Hass", "Densidad Caracteristicas": 236, "Edad": 5, "Etapa": "Mantenimiento", "Factor Densidad": 6.52542372881356, "Rendimiento Ajustado": 8075, "Rendimiento potencial Kg/ha": 8500}'::jsonb),
  ('aguacate', 'aguacate_hass', 6, 'mantenimiento', 15000, 236, 6.52542372881356, 0.75, 'Rendimientos estandar_', 7, '{"Agua": 0.75, "Cultivo": "Aguacate  Hass", "Densidad Caracteristicas": 236, "Edad": 6, "Etapa": "Mantenimiento", "Factor Densidad": 6.52542372881356, "Rendimiento Ajustado": 14250, "Rendimiento potencial Kg/ha": 15000}'::jsonb),
  ('aguacate', 'aguacate_hass', 7, 'mantenimiento', 15000, 236, 6.52542372881356, 0.75, 'Rendimientos estandar_', 8, '{"Agua": 0.75, "Cultivo": "Aguacate  Hass", "Densidad Caracteristicas": 236, "Edad": 7, "Etapa": "Mantenimiento", "Factor Densidad": 6.52542372881356, "Rendimiento Ajustado": 14250, "Rendimiento potencial Kg/ha": 15000}'::jsonb),
  ('aguacate', 'aguacate_hass', 8, 'mantenimiento', 15000, 236, 6.52542372881356, 0.75, 'Rendimientos estandar_', 9, '{"Agua": 0.75, "Cultivo": "Aguacate  Hass", "Densidad Caracteristicas": 236, "Edad": 8, "Etapa": "Mantenimiento", "Factor Densidad": 6.52542372881356, "Rendimiento Ajustado": 14250, "Rendimiento potencial Kg/ha": 15000}'::jsonb),
  ('aguacate', 'aguacate_hass', 9, 'mantenimiento', 15000, 236, 6.52542372881356, 0.75, 'Rendimientos estandar_', 10, '{"Agua": 0.75, "Cultivo": "Aguacate  Hass", "Densidad Caracteristicas": 236, "Edad": 9, "Etapa": "Mantenimiento", "Factor Densidad": 6.52542372881356, "Rendimiento Ajustado": 14250, "Rendimiento potencial Kg/ha": 15000}'::jsonb),
  ('aguacate', 'aguacate_hass', 10, 'mantenimiento', 15000, 236, 6.52542372881356, 0.75, 'Rendimientos estandar_', 11, '{"Agua": 0.75, "Cultivo": "Aguacate  Hass", "Densidad Caracteristicas": 236, "Edad": 10, "Etapa": "Mantenimiento", "Factor Densidad": 6.52542372881356, "Rendimiento Ajustado": 14250, "Rendimiento potencial Kg/ha": 15000}'::jsonb),
  ('aguacate', 'aguacate_hass', 11, 'mantenimiento', 15000, 236, 6.52542372881356, 0.75, 'Rendimientos estandar_', 12, '{"Agua": 0.75, "Cultivo": "Aguacate  Hass", "Densidad Caracteristicas": 236, "Edad": 11, "Etapa": "Mantenimiento", "Factor Densidad": 6.52542372881356, "Rendimiento Ajustado": 14250, "Rendimiento potencial Kg/ha": 15000}'::jsonb),
  ('aguacate', 'aguacate_hass', 12, 'mantenimiento', 15000, 236, 6.52542372881356, 0.75, 'Rendimientos estandar_', 13, '{"Agua": 0.75, "Cultivo": "Aguacate  Hass", "Densidad Caracteristicas": 236, "Edad": 12, "Etapa": "Mantenimiento", "Factor Densidad": 6.52542372881356, "Rendimiento Ajustado": 14250, "Rendimiento potencial Kg/ha": 15000}'::jsonb),
  ('aguacate', 'aguacate_hass', 13, 'mantenimiento', 15000, 236, 6.52542372881356, 0.75, 'Rendimientos estandar_', 14, '{"Agua": 0.75, "Cultivo": "Aguacate  Hass", "Densidad Caracteristicas": 236, "Edad": 13, "Etapa": "Mantenimiento", "Factor Densidad": 6.52542372881356, "Rendimiento Ajustado": 14250, "Rendimiento potencial Kg/ha": 15000}'::jsonb),
  ('aguacate', 'aguacate_hass', 14, 'mantenimiento', 15000, 236, 6.52542372881356, 0.75, 'Rendimientos estandar_', 15, '{"Agua": 0.75, "Cultivo": "Aguacate  Hass", "Densidad Caracteristicas": 236, "Edad": 14, "Etapa": "Mantenimiento", "Factor Densidad": 6.52542372881356, "Rendimiento Ajustado": 14250, "Rendimiento potencial Kg/ha": 15000}'::jsonb),
  ('aguacate', 'aguacate_hass', 15, 'mantenimiento', 12000, 236, 6.52542372881356, 0.75, 'Rendimientos estandar_', 16, '{"Agua": 0.75, "Cultivo": "Aguacate  Hass", "Densidad Caracteristicas": 236, "Edad": 15, "Etapa": "Mantenimiento", "Factor Densidad": 6.52542372881356, "Rendimiento Ajustado": 11400, "Rendimiento potencial Kg/ha": 12000}'::jsonb),
  ('aguacate', 'aguacate_hass', 16, 'mantenimiento', 12000, 236, 6.52542372881356, 0.75, 'Rendimientos estandar_', 17, '{"Agua": 0.75, "Cultivo": "Aguacate  Hass", "Densidad Caracteristicas": 236, "Edad": 16, "Etapa": "Mantenimiento", "Factor Densidad": 6.52542372881356, "Rendimiento Ajustado": 11400, "Rendimiento potencial Kg/ha": 12000}'::jsonb),
  ('aguacate', 'aguacate_hass', 17, 'mantenimiento', 12000, 236, 6.52542372881356, 0.75, 'Rendimientos estandar_', 18, '{"Agua": 0.75, "Cultivo": "Aguacate  Hass", "Densidad Caracteristicas": 236, "Edad": 17, "Etapa": "Mantenimiento", "Factor Densidad": 6.52542372881356, "Rendimiento Ajustado": 11400, "Rendimiento potencial Kg/ha": 12000}'::jsonb),
  ('aguacate', 'aguacate_hass', 18, 'mantenimiento', 12000, 236, 6.52542372881356, 0.75, 'Rendimientos estandar_', 19, '{"Agua": 0.75, "Cultivo": "Aguacate  Hass", "Densidad Caracteristicas": 236, "Edad": 18, "Etapa": "Mantenimiento", "Factor Densidad": 6.52542372881356, "Rendimiento Ajustado": 11400, "Rendimiento potencial Kg/ha": 12000}'::jsonb),
  ('aguacate', 'aguacate_hass', 19, 'mantenimiento', 9600, 236, 6.52542372881356, 0.75, 'Rendimientos estandar_', 20, '{"Agua": 0.75, "Cultivo": "Aguacate  Hass", "Densidad Caracteristicas": 236, "Edad": 19, "Etapa": "Mantenimiento", "Factor Densidad": 6.52542372881356, "Rendimiento Ajustado": 9120, "Rendimiento potencial Kg/ha": 9600}'::jsonb),
  ('aguacate', 'aguacate_hass', 20, 'mantenimiento', 7200, 236, 6.52542372881356, 0.75, 'Rendimientos estandar_', 21, '{"Agua": 0.75, "Cultivo": "Aguacate  Hass", "Densidad Caracteristicas": 236, "Edad": 20, "Etapa": "Mantenimiento", "Factor Densidad": 6.52542372881356, "Rendimiento Ajustado": 6840, "Rendimiento potencial Kg/ha": 7200}'::jsonb),
  ('cacao', 'cacao_criollo', 1, 'establecimiento', 0, 952, 1.6176470588235294, NULL, 'Rendimientos estandar_', 22, '{"Agua": null, "Cultivo": "Cacao Criollo", "Densidad Caracteristicas": 952, "Edad": 1, "Etapa": "Establecimiento", "Factor Densidad": 1.6176470588235294, "Rendimiento Ajustado": 0, "Rendimiento potencial Kg/ha": 0}'::jsonb),
  ('cacao', 'cacao_criollo', 2, 'improductivo', 0, 952, 1.6176470588235294, NULL, 'Rendimientos estandar_', 23, '{"Agua": null, "Cultivo": "Cacao Criollo", "Densidad Caracteristicas": 952, "Edad": 2, "Etapa": "Improductivo", "Factor Densidad": 1.6176470588235294, "Rendimiento Ajustado": 0, "Rendimiento potencial Kg/ha": 0}'::jsonb),
  ('cacao', 'cacao_criollo', 3, 'mantenimiento', 250, 952, 1.6176470588235294, NULL, 'Rendimientos estandar_', 24, '{"Agua": null, "Cultivo": "Cacao Criollo", "Densidad Caracteristicas": 952, "Edad": 3, "Etapa": "Mantenimiento", "Factor Densidad": 1.6176470588235294, "Rendimiento Ajustado": 237.5, "Rendimiento potencial Kg/ha": 250}'::jsonb),
  ('cacao', 'cacao_criollo', 4, 'mantenimiento', 480, 952, 1.6176470588235294, NULL, 'Rendimientos estandar_', 25, '{"Agua": null, "Cultivo": "Cacao Criollo", "Densidad Caracteristicas": 952, "Edad": 4, "Etapa": "Mantenimiento", "Factor Densidad": 1.6176470588235294, "Rendimiento Ajustado": 456, "Rendimiento potencial Kg/ha": 480}'::jsonb),
  ('cacao', 'cacao_criollo', 5, 'mantenimiento', 618, 952, 1.6176470588235294, NULL, 'Rendimientos estandar_', 26, '{"Agua": null, "Cultivo": "Cacao Criollo", "Densidad Caracteristicas": 952, "Edad": 5, "Etapa": "Mantenimiento", "Factor Densidad": 1.6176470588235294, "Rendimiento Ajustado": 587.1, "Rendimiento potencial Kg/ha": 618}'::jsonb),
  ('cacao', 'cacao_criollo', 6, 'mantenimiento', 698, 952, 1.6176470588235294, NULL, 'Rendimientos estandar_', 27, '{"Agua": null, "Cultivo": "Cacao Criollo", "Densidad Caracteristicas": 952, "Edad": 6, "Etapa": "Mantenimiento", "Factor Densidad": 1.6176470588235294, "Rendimiento Ajustado": 663.1, "Rendimiento potencial Kg/ha": 698}'::jsonb),
  ('cacao', 'cacao_criollo', 7, 'mantenimiento', 790, 952, 1.6176470588235294, NULL, 'Rendimientos estandar_', 28, '{"Agua": null, "Cultivo": "Cacao Criollo", "Densidad Caracteristicas": 952, "Edad": 7, "Etapa": "Mantenimiento", "Factor Densidad": 1.6176470588235294, "Rendimiento Ajustado": 750.5, "Rendimiento potencial Kg/ha": 790}'::jsonb),
  ('cacao', 'cacao_criollo', 8, 'mantenimiento', 807, 952, 1.6176470588235294, NULL, 'Rendimientos estandar_', 29, '{"Agua": null, "Cultivo": "Cacao Criollo", "Densidad Caracteristicas": 952, "Edad": 8, "Etapa": "Mantenimiento", "Factor Densidad": 1.6176470588235294, "Rendimiento Ajustado": 766.65, "Rendimiento potencial Kg/ha": 807}'::jsonb),
  ('cacao', 'cacao_criollo', 9, 'mantenimiento', 807, 952, 1.6176470588235294, NULL, 'Rendimientos estandar_', 30, '{"Agua": null, "Cultivo": "Cacao Criollo", "Densidad Caracteristicas": 952, "Edad": 9, "Etapa": "Mantenimiento", "Factor Densidad": 1.6176470588235294, "Rendimiento Ajustado": 766.65, "Rendimiento potencial Kg/ha": 807}'::jsonb),
  ('cacao', 'cacao_criollo', 10, 'mantenimiento', 807, 952, 1.6176470588235294, NULL, 'Rendimientos estandar_', 31, '{"Agua": null, "Cultivo": "Cacao Criollo", "Densidad Caracteristicas": 952, "Edad": 10, "Etapa": "Mantenimiento", "Factor Densidad": 1.6176470588235294, "Rendimiento Ajustado": 766.65, "Rendimiento potencial Kg/ha": 807}'::jsonb),
  ('cacao', 'cacao_criollo', 11, 'mantenimiento', 807, 952, 1.6176470588235294, NULL, 'Rendimientos estandar_', 32, '{"Agua": null, "Cultivo": "Cacao Criollo", "Densidad Caracteristicas": 952, "Edad": 11, "Etapa": "Mantenimiento", "Factor Densidad": 1.6176470588235294, "Rendimiento Ajustado": 766.65, "Rendimiento potencial Kg/ha": 807}'::jsonb),
  ('cacao', 'cacao_criollo', 12, 'mantenimiento', 807, 952, 1.6176470588235294, NULL, 'Rendimientos estandar_', 33, '{"Agua": null, "Cultivo": "Cacao Criollo", "Densidad Caracteristicas": 952, "Edad": 12, "Etapa": "Mantenimiento", "Factor Densidad": 1.6176470588235294, "Rendimiento Ajustado": 766.65, "Rendimiento potencial Kg/ha": 807}'::jsonb),
  ('cacao', 'cacao_criollo', 13, 'mantenimiento', 807, 952, 1.6176470588235294, NULL, 'Rendimientos estandar_', 34, '{"Agua": null, "Cultivo": "Cacao Criollo", "Densidad Caracteristicas": 952, "Edad": 13, "Etapa": "Mantenimiento", "Factor Densidad": 1.6176470588235294, "Rendimiento Ajustado": 766.65, "Rendimiento potencial Kg/ha": 807}'::jsonb),
  ('cacao', 'cacao_criollo', 14, 'mantenimiento', 807, 952, 1.6176470588235294, NULL, 'Rendimientos estandar_', 35, '{"Agua": null, "Cultivo": "Cacao Criollo", "Densidad Caracteristicas": 952, "Edad": 14, "Etapa": "Mantenimiento", "Factor Densidad": 1.6176470588235294, "Rendimiento Ajustado": 766.65, "Rendimiento potencial Kg/ha": 807}'::jsonb),
  ('cacao', 'cacao_criollo', 15, 'mantenimiento', 807, 952, 1.6176470588235294, NULL, 'Rendimientos estandar_', 36, '{"Agua": null, "Cultivo": "Cacao Criollo", "Densidad Caracteristicas": 952, "Edad": 15, "Etapa": "Mantenimiento", "Factor Densidad": 1.6176470588235294, "Rendimiento Ajustado": 766.65, "Rendimiento potencial Kg/ha": 807}'::jsonb),
  ('cacao', 'cacao_criollo', 16, 'mantenimiento', 807, 952, 1.6176470588235294, NULL, 'Rendimientos estandar_', 37, '{"Agua": null, "Cultivo": "Cacao Criollo", "Densidad Caracteristicas": 952, "Edad": 16, "Etapa": "Mantenimiento", "Factor Densidad": 1.6176470588235294, "Rendimiento Ajustado": 766.65, "Rendimiento potencial Kg/ha": 807}'::jsonb),
  ('cacao', 'cacao_criollo', 17, 'mantenimiento', 807, 952, 1.6176470588235294, NULL, 'Rendimientos estandar_', 38, '{"Agua": null, "Cultivo": "Cacao Criollo", "Densidad Caracteristicas": 952, "Edad": 17, "Etapa": "Mantenimiento", "Factor Densidad": 1.6176470588235294, "Rendimiento Ajustado": 766.65, "Rendimiento potencial Kg/ha": 807}'::jsonb),
  ('cacao', 'cacao_criollo', 18, 'mantenimiento', 807, 952, 1.6176470588235294, NULL, 'Rendimientos estandar_', 39, '{"Agua": null, "Cultivo": "Cacao Criollo", "Densidad Caracteristicas": 952, "Edad": 18, "Etapa": "Mantenimiento", "Factor Densidad": 1.6176470588235294, "Rendimiento Ajustado": 766.65, "Rendimiento potencial Kg/ha": 807}'::jsonb),
  ('cacao', 'cacao_criollo', 19, 'mantenimiento', 807, 952, 1.6176470588235294, NULL, 'Rendimientos estandar_', 40, '{"Agua": null, "Cultivo": "Cacao Criollo", "Densidad Caracteristicas": 952, "Edad": 19, "Etapa": "Mantenimiento", "Factor Densidad": 1.6176470588235294, "Rendimiento Ajustado": 766.65, "Rendimiento potencial Kg/ha": 807}'::jsonb),
  ('cacao', 'cacao_criollo', 20, 'mantenimiento', 807, 952, 1.6176470588235294, NULL, 'Rendimientos estandar_', 41, '{"Agua": null, "Cultivo": "Cacao Criollo", "Densidad Caracteristicas": 952, "Edad": 20, "Etapa": "Mantenimiento", "Factor Densidad": 1.6176470588235294, "Rendimiento Ajustado": 766.65, "Rendimiento potencial Kg/ha": 807}'::jsonb),
  ('cafe', 'cafe_castillo', 1, 'establecimiento', 0, 5000, 0.308, NULL, 'Rendimientos estandar_', 42, '{"Agua": null, "Cultivo": "Café Castillo", "Densidad Caracteristicas": 5000, "Edad": 1, "Etapa": "Establecimiento", "Factor Densidad": 0.308, "Rendimiento Ajustado": 0, "Rendimiento potencial Kg/ha": 0}'::jsonb),
  ('cafe', 'cafe_castillo', 2, 'mantenimiento', 1105, 5000, 0.308, NULL, 'Rendimientos estandar_', 43, '{"Agua": null, "Cultivo": "Café Castillo", "Densidad Caracteristicas": 5000, "Edad": 2, "Etapa": "Mantenimiento", "Factor Densidad": 0.308, "Rendimiento Ajustado": 1049.75, "Rendimiento potencial Kg/ha": 1105}'::jsonb),
  ('cafe', 'cafe_castillo', 3, 'mantenimiento', 1867, 5000, 0.308, NULL, 'Rendimientos estandar_', 44, '{"Agua": null, "Cultivo": "Café Castillo", "Densidad Caracteristicas": 5000, "Edad": 3, "Etapa": "Mantenimiento", "Factor Densidad": 0.308, "Rendimiento Ajustado": 1773.6499999999999, "Rendimiento potencial Kg/ha": 1867}'::jsonb),
  ('cafe', 'cafe_castillo', 4, 'mantenimiento', 2530.25, 5000, 0.308, NULL, 'Rendimientos estandar_', 45, '{"Agua": null, "Cultivo": "Café Castillo", "Densidad Caracteristicas": 5000, "Edad": 4, "Etapa": "Mantenimiento", "Factor Densidad": 0.308, "Rendimiento Ajustado": 2403.7374999999997, "Rendimiento potencial Kg/ha": 2530.25}'::jsonb),
  ('cafe', 'cafe_castillo', 5, 'mantenimiento', 2592.75, 5000, 0.308, NULL, 'Rendimientos estandar_', 46, '{"Agua": null, "Cultivo": "Café Castillo", "Densidad Caracteristicas": 5000, "Edad": 5, "Etapa": "Mantenimiento", "Factor Densidad": 0.308, "Rendimiento Ajustado": 2463.1124999999997, "Rendimiento potencial Kg/ha": 2592.75}'::jsonb),
  ('cafe', 'cafe_castillo', 6, 'mantenimiento', 2084, 5000, 0.308, NULL, 'Rendimientos estandar_', 47, '{"Agua": null, "Cultivo": "Café Castillo", "Densidad Caracteristicas": 5000, "Edad": 6, "Etapa": "Mantenimiento", "Factor Densidad": 0.308, "Rendimiento Ajustado": 1979.8, "Rendimiento potencial Kg/ha": 2084}'::jsonb),
  ('cafe', 'cafe_castillo', 7, 'mantenimiento', 1483.25, 5000, 0.308, NULL, 'Rendimientos estandar_', 48, '{"Agua": null, "Cultivo": "Café Castillo", "Densidad Caracteristicas": 5000, "Edad": 7, "Etapa": "Mantenimiento", "Factor Densidad": 0.308, "Rendimiento Ajustado": 1409.0874999999999, "Rendimiento potencial Kg/ha": 1483.25}'::jsonb),
  ('cana_azucar', 'cana_azucar_criolla', 1, 'establecimiento', 0, 66667, 0.023099884500577497, 0.8, 'Rendimientos estandar_', 49, '{"Agua": 0.8, "Cultivo": "Caña de azúcar Criolla", "Densidad Caracteristicas": 66667, "Edad": 1, "Etapa": "Establecimiento", "Factor Densidad": 0.023099884500577497, "Rendimiento Ajustado": 0, "Rendimiento potencial Kg/ha": 0}'::jsonb),
  ('cana_azucar', 'cana_azucar_criolla', 2, 'mantenimiento', 59500, 66667, 0.023099884500577497, 0.8, 'Rendimientos estandar_', 50, '{"Agua": 0.8, "Cultivo": "Caña de azúcar Criolla", "Densidad Caracteristicas": 66667, "Edad": 2, "Etapa": "Mantenimiento", "Factor Densidad": 0.023099884500577497, "Rendimiento Ajustado": 56525, "Rendimiento potencial Kg/ha": 59500}'::jsonb),
  ('cana_azucar', 'cana_azucar_criolla', 3, 'mantenimiento', 68600, 66667, 0.023099884500577497, 0.8, 'Rendimientos estandar_', 51, '{"Agua": 0.8, "Cultivo": "Caña de azúcar Criolla", "Densidad Caracteristicas": 66667, "Edad": 3, "Etapa": "Mantenimiento", "Factor Densidad": 0.023099884500577497, "Rendimiento Ajustado": 65170, "Rendimiento potencial Kg/ha": 68600}'::jsonb),
  ('cana_azucar', 'cana_azucar_criolla', 4, 'mantenimiento', 66500, 66667, 0.023099884500577497, 0.8, 'Rendimientos estandar_', 52, '{"Agua": 0.8, "Cultivo": "Caña de azúcar Criolla", "Densidad Caracteristicas": 66667, "Edad": 4, "Etapa": "Mantenimiento", "Factor Densidad": 0.023099884500577497, "Rendimiento Ajustado": 63175, "Rendimiento potencial Kg/ha": 66500}'::jsonb),
  ('cana_azucar', 'cana_azucar_criolla', 5, 'mantenimiento', 63000, 66667, 0.023099884500577497, 0.8, 'Rendimientos estandar_', 53, '{"Agua": 0.8, "Cultivo": "Caña de azúcar Criolla", "Densidad Caracteristicas": 66667, "Edad": 5, "Etapa": "Mantenimiento", "Factor Densidad": 0.023099884500577497, "Rendimiento Ajustado": 59850, "Rendimiento potencial Kg/ha": 63000}'::jsonb),
  ('cana_azucar', 'cana_azucar_criolla', 6, 'mantenimiento', 59500, 66667, 0.023099884500577497, 0.8, 'Rendimientos estandar_', 54, '{"Agua": 0.8, "Cultivo": "Caña de azúcar Criolla", "Densidad Caracteristicas": 66667, "Edad": 6, "Etapa": "Mantenimiento", "Factor Densidad": 0.023099884500577497, "Rendimiento Ajustado": 56525, "Rendimiento potencial Kg/ha": 59500}'::jsonb),
  ('cana_azucar', 'cana_azucar_criolla', 7, 'mantenimiento', 56000, 66667, 0.023099884500577497, 0.8, 'Rendimientos estandar_', 55, '{"Agua": 0.8, "Cultivo": "Caña de azúcar Criolla", "Densidad Caracteristicas": 66667, "Edad": 7, "Etapa": "Mantenimiento", "Factor Densidad": 0.023099884500577497, "Rendimiento Ajustado": 53200, "Rendimiento potencial Kg/ha": 56000}'::jsonb),
  ('cana_azucar', 'cana_azucar_criolla', 8, 'mantenimiento', 52500, 66667, 0.023099884500577497, 0.8, 'Rendimientos estandar_', 56, '{"Agua": 0.8, "Cultivo": "Caña de azúcar Criolla", "Densidad Caracteristicas": 66667, "Edad": 8, "Etapa": "Mantenimiento", "Factor Densidad": 0.023099884500577497, "Rendimiento Ajustado": 49875, "Rendimiento potencial Kg/ha": 52500}'::jsonb),
  ('cana_azucar', 'cana_azucar_poj_2878', 1, 'establecimiento', 0, 76923.07692307692, 0.02002, 0.7058823529411765, 'Rendimientos estandar_', 57, '{"Agua": 0.7058823529411765, "Cultivo": "Caña de azúcar POJ 2878", "Densidad Caracteristicas": 76923.07692307692, "Edad": 1, "Etapa": "Establecimiento", "Factor Densidad": 0.02002, "Rendimiento Ajustado": 0, "Rendimiento potencial Kg/ha": 0}'::jsonb),
  ('cana_azucar', 'cana_azucar_poj_2878', 2, 'mantenimiento', 136000, 76923.07692307692, 0.02002, 0.7058823529411765, 'Rendimientos estandar_', 58, '{"Agua": 0.7058823529411765, "Cultivo": "Caña de azúcar POJ 2878", "Densidad Caracteristicas": 76923.07692307692, "Edad": 2, "Etapa": "Mantenimiento", "Factor Densidad": 0.02002, "Rendimiento Ajustado": 129200, "Rendimiento potencial Kg/ha": 136000}'::jsonb),
  ('cana_azucar', 'cana_azucar_poj_2878', 3, 'mantenimiento', 156800, 76923.07692307692, 0.02002, 0.7058823529411765, 'Rendimientos estandar_', 59, '{"Agua": 0.7058823529411765, "Cultivo": "Caña de azúcar POJ 2878", "Densidad Caracteristicas": 76923.07692307692, "Edad": 3, "Etapa": "Mantenimiento", "Factor Densidad": 0.02002, "Rendimiento Ajustado": 148960, "Rendimiento potencial Kg/ha": 156800}'::jsonb),
  ('cana_azucar', 'cana_azucar_poj_2878', 4, 'mantenimiento', 152000, 76923.07692307692, 0.02002, 0.7058823529411765, 'Rendimientos estandar_', 60, '{"Agua": 0.7058823529411765, "Cultivo": "Caña de azúcar POJ 2878", "Densidad Caracteristicas": 76923.07692307692, "Edad": 4, "Etapa": "Mantenimiento", "Factor Densidad": 0.02002, "Rendimiento Ajustado": 144400, "Rendimiento potencial Kg/ha": 152000}'::jsonb),
  ('cana_azucar', 'cana_azucar_poj_2878', 5, 'mantenimiento', 144000, 76923.07692307692, 0.02002, 0.7058823529411765, 'Rendimientos estandar_', 61, '{"Agua": 0.7058823529411765, "Cultivo": "Caña de azúcar POJ 2878", "Densidad Caracteristicas": 76923.07692307692, "Edad": 5, "Etapa": "Mantenimiento", "Factor Densidad": 0.02002, "Rendimiento Ajustado": 136800, "Rendimiento potencial Kg/ha": 144000}'::jsonb),
  ('cana_azucar', 'cana_azucar_poj_2878', 6, 'mantenimiento', 136000, 76923.07692307692, 0.02002, 0.7058823529411765, 'Rendimientos estandar_', 62, '{"Agua": 0.7058823529411765, "Cultivo": "Caña de azúcar POJ 2878", "Densidad Caracteristicas": 76923.07692307692, "Edad": 6, "Etapa": "Mantenimiento", "Factor Densidad": 0.02002, "Rendimiento Ajustado": 129200, "Rendimiento potencial Kg/ha": 136000}'::jsonb),
  ('cana_azucar', 'cana_azucar_poj_2878', 7, 'mantenimiento', 128000, 76923.07692307692, 0.02002, 0.7058823529411765, 'Rendimientos estandar_', 63, '{"Agua": 0.7058823529411765, "Cultivo": "Caña de azúcar POJ 2878", "Densidad Caracteristicas": 76923.07692307692, "Edad": 7, "Etapa": "Mantenimiento", "Factor Densidad": 0.02002, "Rendimiento Ajustado": 121600, "Rendimiento potencial Kg/ha": 128000}'::jsonb),
  ('cana_azucar', 'cana_azucar_poj_2878', 8, 'mantenimiento', 120000, 76923.07692307692, 0.02002, 0.7058823529411765, 'Rendimientos estandar_', 64, '{"Agua": 0.7058823529411765, "Cultivo": "Caña de azúcar POJ 2878", "Densidad Caracteristicas": 76923.07692307692, "Edad": 8, "Etapa": "Mantenimiento", "Factor Densidad": 0.02002, "Rendimiento Ajustado": 114000, "Rendimiento potencial Kg/ha": 120000}'::jsonb),
  ('cana_azucar', 'cana_azucar_cc_93_7711_pierna_bella', 1, 'establecimiento', 0, 111905, 0.01376167284750458, 0.8, 'Rendimientos estandar_', 65, '{"Agua": 0.8, "Cultivo": "Caña de azúcar CC 93-7711 Pierna Bella", "Densidad Caracteristicas": 111905, "Edad": 1, "Etapa": "Establecimiento", "Factor Densidad": 0.01376167284750458, "Rendimiento Ajustado": 0, "Rendimiento potencial Kg/ha": 0}'::jsonb),
  ('cana_azucar', 'cana_azucar_cc_93_7711_pierna_bella', 2, 'mantenimiento', 102000, 111905, 0.01376167284750458, 0.8, 'Rendimientos estandar_', 66, '{"Agua": 0.8, "Cultivo": "Caña de azúcar CC 93-7711 Pierna Bella", "Densidad Caracteristicas": 111905, "Edad": 2, "Etapa": "Mantenimiento", "Factor Densidad": 0.01376167284750458, "Rendimiento Ajustado": 96900, "Rendimiento potencial Kg/ha": 102000}'::jsonb),
  ('cana_azucar', 'cana_azucar_cc_93_7711_pierna_bella', 3, 'mantenimiento', 117600, 111905, 0.01376167284750458, 0.8, 'Rendimientos estandar_', 67, '{"Agua": 0.8, "Cultivo": "Caña de azúcar CC 93-7711 Pierna Bella", "Densidad Caracteristicas": 111905, "Edad": 3, "Etapa": "Mantenimiento", "Factor Densidad": 0.01376167284750458, "Rendimiento Ajustado": 111720, "Rendimiento potencial Kg/ha": 117600}'::jsonb),
  ('cana_azucar', 'cana_azucar_cc_93_7711_pierna_bella', 4, 'mantenimiento', 114000, 111905, 0.01376167284750458, 0.8, 'Rendimientos estandar_', 68, '{"Agua": 0.8, "Cultivo": "Caña de azúcar CC 93-7711 Pierna Bella", "Densidad Caracteristicas": 111905, "Edad": 4, "Etapa": "Mantenimiento", "Factor Densidad": 0.01376167284750458, "Rendimiento Ajustado": 108300, "Rendimiento potencial Kg/ha": 114000}'::jsonb),
  ('cana_azucar', 'cana_azucar_cc_93_7711_pierna_bella', 5, 'mantenimiento', 108000, 111905, 0.01376167284750458, 0.8, 'Rendimientos estandar_', 69, '{"Agua": 0.8, "Cultivo": "Caña de azúcar CC 93-7711 Pierna Bella", "Densidad Caracteristicas": 111905, "Edad": 5, "Etapa": "Mantenimiento", "Factor Densidad": 0.01376167284750458, "Rendimiento Ajustado": 102600, "Rendimiento potencial Kg/ha": 108000}'::jsonb),
  ('cana_azucar', 'cana_azucar_cc_93_7711_pierna_bella', 6, 'mantenimiento', 102000, 111905, 0.01376167284750458, 0.8, 'Rendimientos estandar_', 70, '{"Agua": 0.8, "Cultivo": "Caña de azúcar CC 93-7711 Pierna Bella", "Densidad Caracteristicas": 111905, "Edad": 6, "Etapa": "Mantenimiento", "Factor Densidad": 0.01376167284750458, "Rendimiento Ajustado": 96900, "Rendimiento potencial Kg/ha": 102000}'::jsonb),
  ('cana_azucar', 'cana_azucar_cc_93_7711_pierna_bella', 7, 'mantenimiento', 96000, 111905, 0.01376167284750458, 0.8, 'Rendimientos estandar_', 71, '{"Agua": 0.8, "Cultivo": "Caña de azúcar CC 93-7711 Pierna Bella", "Densidad Caracteristicas": 111905, "Edad": 7, "Etapa": "Mantenimiento", "Factor Densidad": 0.01376167284750458, "Rendimiento Ajustado": 91200, "Rendimiento potencial Kg/ha": 96000}'::jsonb),
  ('cana_azucar', 'cana_azucar_cc_93_7711_pierna_bella', 8, 'mantenimiento', 90000, 111905, 0.01376167284750458, 0.8, 'Rendimientos estandar_', 72, '{"Agua": 0.8, "Cultivo": "Caña de azúcar CC 93-7711 Pierna Bella", "Densidad Caracteristicas": 111905, "Edad": 8, "Etapa": "Mantenimiento", "Factor Densidad": 0.01376167284750458, "Rendimiento Ajustado": 85500, "Rendimiento potencial Kg/ha": 90000}'::jsonb),
  ('limon', 'limon_tahiti', 1, 'establecimiento', 0, 204, 7.549019607843137, 0.8, 'Rendimientos estandar_', 73, '{"Agua": 0.8, "Cultivo": "Limón Tahití", "Densidad Caracteristicas": 204, "Edad": 1, "Etapa": "Establecimiento", "Factor Densidad": 7.549019607843137, "Rendimiento Ajustado": 0, "Rendimiento potencial Kg/ha": 0}'::jsonb),
  ('limon', 'limon_tahiti', 2, 'improductivo', 0, 204, 7.549019607843137, 0.8, 'Rendimientos estandar_', 74, '{"Agua": 0.8, "Cultivo": "Limón Tahití", "Densidad Caracteristicas": 204, "Edad": 2, "Etapa": "Improductivo", "Factor Densidad": 7.549019607843137, "Rendimiento Ajustado": 0, "Rendimiento potencial Kg/ha": 0}'::jsonb),
  ('limon', 'limon_tahiti', 3, 'mantenimiento', 6000, 204, 7.549019607843137, 0.8, 'Rendimientos estandar_', 75, '{"Agua": 0.8, "Cultivo": "Limón Tahití", "Densidad Caracteristicas": 204, "Edad": 3, "Etapa": "Mantenimiento", "Factor Densidad": 7.549019607843137, "Rendimiento Ajustado": 5700, "Rendimiento potencial Kg/ha": 6000}'::jsonb),
  ('limon', 'limon_tahiti', 4, 'mantenimiento', 12000, 204, 7.549019607843137, 0.8, 'Rendimientos estandar_', 76, '{"Agua": 0.8, "Cultivo": "Limón Tahití", "Densidad Caracteristicas": 204, "Edad": 4, "Etapa": "Mantenimiento", "Factor Densidad": 7.549019607843137, "Rendimiento Ajustado": 11400, "Rendimiento potencial Kg/ha": 12000}'::jsonb),
  ('limon', 'limon_tahiti', 5, 'mantenimiento', 18000, 204, 7.549019607843137, 0.8, 'Rendimientos estandar_', 77, '{"Agua": 0.8, "Cultivo": "Limón Tahití", "Densidad Caracteristicas": 204, "Edad": 5, "Etapa": "Mantenimiento", "Factor Densidad": 7.549019607843137, "Rendimiento Ajustado": 17100, "Rendimiento potencial Kg/ha": 18000}'::jsonb),
  ('limon', 'limon_tahiti', 6, 'mantenimiento', 18000, 204, 7.549019607843137, 0.8, 'Rendimientos estandar_', 78, '{"Agua": 0.8, "Cultivo": "Limón Tahití", "Densidad Caracteristicas": 204, "Edad": 6, "Etapa": "Mantenimiento", "Factor Densidad": 7.549019607843137, "Rendimiento Ajustado": 17100, "Rendimiento potencial Kg/ha": 18000}'::jsonb),
  ('limon', 'limon_tahiti', 7, 'mantenimiento', 18000, 204, 7.549019607843137, 0.8, 'Rendimientos estandar_', 79, '{"Agua": 0.8, "Cultivo": "Limón Tahití", "Densidad Caracteristicas": 204, "Edad": 7, "Etapa": "Mantenimiento", "Factor Densidad": 7.549019607843137, "Rendimiento Ajustado": 17100, "Rendimiento potencial Kg/ha": 18000}'::jsonb),
  ('limon', 'limon_tahiti', 8, 'mantenimiento', 18000, 204, 7.549019607843137, 0.8, 'Rendimientos estandar_', 80, '{"Agua": 0.8, "Cultivo": "Limón Tahití", "Densidad Caracteristicas": 204, "Edad": 8, "Etapa": "Mantenimiento", "Factor Densidad": 7.549019607843137, "Rendimiento Ajustado": 17100, "Rendimiento potencial Kg/ha": 18000}'::jsonb),
  ('limon', 'limon_tahiti', 9, 'mantenimiento', 18000, 204, 7.549019607843137, 0.8, 'Rendimientos estandar_', 81, '{"Agua": 0.8, "Cultivo": "Limón Tahití", "Densidad Caracteristicas": 204, "Edad": 9, "Etapa": "Mantenimiento", "Factor Densidad": 7.549019607843137, "Rendimiento Ajustado": 17100, "Rendimiento potencial Kg/ha": 18000}'::jsonb),
  ('limon', 'limon_tahiti', 10, 'mantenimiento', 18000, 204, 7.549019607843137, 0.8, 'Rendimientos estandar_', 82, '{"Agua": 0.8, "Cultivo": "Limón Tahití", "Densidad Caracteristicas": 204, "Edad": 10, "Etapa": "Mantenimiento", "Factor Densidad": 7.549019607843137, "Rendimiento Ajustado": 17100, "Rendimiento potencial Kg/ha": 18000}'::jsonb),
  ('limon', 'limon_tahiti', 11, 'mantenimiento', 18000, 204, 7.549019607843137, 0.8, 'Rendimientos estandar_', 83, '{"Agua": 0.8, "Cultivo": "Limón Tahití", "Densidad Caracteristicas": 204, "Edad": 11, "Etapa": "Mantenimiento", "Factor Densidad": 7.549019607843137, "Rendimiento Ajustado": 17100, "Rendimiento potencial Kg/ha": 18000}'::jsonb),
  ('limon', 'limon_tahiti', 12, 'mantenimiento', 18000, 204, 7.549019607843137, 0.8, 'Rendimientos estandar_', 84, '{"Agua": 0.8, "Cultivo": "Limón Tahití", "Densidad Caracteristicas": 204, "Edad": 12, "Etapa": "Mantenimiento", "Factor Densidad": 7.549019607843137, "Rendimiento Ajustado": 17100, "Rendimiento potencial Kg/ha": 18000}'::jsonb),
  ('limon', 'limon_tahiti', 13, 'mantenimiento', 18000, 204, 7.549019607843137, 0.8, 'Rendimientos estandar_', 85, '{"Agua": 0.8, "Cultivo": "Limón Tahití", "Densidad Caracteristicas": 204, "Edad": 13, "Etapa": "Mantenimiento", "Factor Densidad": 7.549019607843137, "Rendimiento Ajustado": 17100, "Rendimiento potencial Kg/ha": 18000}'::jsonb),
  ('limon', 'limon_tahiti', 14, 'mantenimiento', 18000, 204, 7.549019607843137, 0.8, 'Rendimientos estandar_', 86, '{"Agua": 0.8, "Cultivo": "Limón Tahití", "Densidad Caracteristicas": 204, "Edad": 14, "Etapa": "Mantenimiento", "Factor Densidad": 7.549019607843137, "Rendimiento Ajustado": 17100, "Rendimiento potencial Kg/ha": 18000}'::jsonb),
  ('limon', 'limon_tahiti', 15, 'mantenimiento', 18000, 204, 7.549019607843137, 0.8, 'Rendimientos estandar_', 87, '{"Agua": 0.8, "Cultivo": "Limón Tahití", "Densidad Caracteristicas": 204, "Edad": 15, "Etapa": "Mantenimiento", "Factor Densidad": 7.549019607843137, "Rendimiento Ajustado": 17100, "Rendimiento potencial Kg/ha": 18000}'::jsonb),
  ('limon', 'limon_tahiti', 16, 'mantenimiento', 18000, 204, 7.549019607843137, 0.8, 'Rendimientos estandar_', 88, '{"Agua": 0.8, "Cultivo": "Limón Tahití", "Densidad Caracteristicas": 204, "Edad": 16, "Etapa": "Mantenimiento", "Factor Densidad": 7.549019607843137, "Rendimiento Ajustado": 17100, "Rendimiento potencial Kg/ha": 18000}'::jsonb),
  ('limon', 'limon_tahiti', 17, 'mantenimiento', 18000, 204, 7.549019607843137, 0.8, 'Rendimientos estandar_', 89, '{"Agua": 0.8, "Cultivo": "Limón Tahití", "Densidad Caracteristicas": 204, "Edad": 17, "Etapa": "Mantenimiento", "Factor Densidad": 7.549019607843137, "Rendimiento Ajustado": 17100, "Rendimiento potencial Kg/ha": 18000}'::jsonb),
  ('limon', 'limon_tahiti', 18, 'mantenimiento', 18000, 204, 7.549019607843137, 0.8, 'Rendimientos estandar_', 90, '{"Agua": 0.8, "Cultivo": "Limón Tahití", "Densidad Caracteristicas": 204, "Edad": 18, "Etapa": "Mantenimiento", "Factor Densidad": 7.549019607843137, "Rendimiento Ajustado": 17100, "Rendimiento potencial Kg/ha": 18000}'::jsonb),
  ('limon', 'limon_tahiti', 19, 'mantenimiento', 18000, 204, 7.549019607843137, 0.8, 'Rendimientos estandar_', 91, '{"Agua": 0.8, "Cultivo": "Limón Tahití", "Densidad Caracteristicas": 204, "Edad": 19, "Etapa": "Mantenimiento", "Factor Densidad": 7.549019607843137, "Rendimiento Ajustado": 17100, "Rendimiento potencial Kg/ha": 18000}'::jsonb),
  ('limon', 'limon_tahiti', 20, 'mantenimiento', 18000, 204, 7.549019607843137, 0.8, 'Rendimientos estandar_', 92, '{"Agua": 0.8, "Cultivo": "Limón Tahití", "Densidad Caracteristicas": 204, "Edad": 20, "Etapa": "Mantenimiento", "Factor Densidad": 7.549019607843137, "Rendimiento Ajustado": 17100, "Rendimiento potencial Kg/ha": 18000}'::jsonb),
  ('limon', 'limon_comun', 1, 'establecimiento', 0, 204, 7.549019607843137, 1, 'Rendimientos estandar_', 93, '{"Agua": 1, "Cultivo": "Limón Común", "Densidad Caracteristicas": 204, "Edad": 1, "Etapa": "Establecimiento", "Factor Densidad": 7.549019607843137, "Rendimiento Ajustado": 0, "Rendimiento potencial Kg/ha": 0}'::jsonb),
  ('limon', 'limon_comun', 2, 'improductivo', 0, 204, 7.549019607843137, 1, 'Rendimientos estandar_', 94, '{"Agua": 1, "Cultivo": "Limón Común", "Densidad Caracteristicas": 204, "Edad": 2, "Etapa": "Improductivo", "Factor Densidad": 7.549019607843137, "Rendimiento Ajustado": 0, "Rendimiento potencial Kg/ha": 0}'::jsonb),
  ('limon', 'limon_comun', 3, 'mantenimiento', 2750, 204, 7.549019607843137, 1, 'Rendimientos estandar_', 95, '{"Agua": 1, "Cultivo": "Limón Común", "Densidad Caracteristicas": 204, "Edad": 3, "Etapa": "Mantenimiento", "Factor Densidad": 7.549019607843137, "Rendimiento Ajustado": 2612.5, "Rendimiento potencial Kg/ha": 2750}'::jsonb),
  ('limon', 'limon_comun', 4, 'mantenimiento', 5500, 204, 7.549019607843137, 1, 'Rendimientos estandar_', 96, '{"Agua": 1, "Cultivo": "Limón Común", "Densidad Caracteristicas": 204, "Edad": 4, "Etapa": "Mantenimiento", "Factor Densidad": 7.549019607843137, "Rendimiento Ajustado": 5225, "Rendimiento potencial Kg/ha": 5500}'::jsonb),
  ('limon', 'limon_comun', 5, 'mantenimiento', 8250, 204, 7.549019607843137, 1, 'Rendimientos estandar_', 97, '{"Agua": 1, "Cultivo": "Limón Común", "Densidad Caracteristicas": 204, "Edad": 5, "Etapa": "Mantenimiento", "Factor Densidad": 7.549019607843137, "Rendimiento Ajustado": 7837.5, "Rendimiento potencial Kg/ha": 8250}'::jsonb),
  ('limon', 'limon_comun', 6, 'mantenimiento', 11000, 204, 7.549019607843137, 1, 'Rendimientos estandar_', 98, '{"Agua": 1, "Cultivo": "Limón Común", "Densidad Caracteristicas": 204, "Edad": 6, "Etapa": "Mantenimiento", "Factor Densidad": 7.549019607843137, "Rendimiento Ajustado": 10450, "Rendimiento potencial Kg/ha": 11000}'::jsonb),
  ('limon', 'limon_comun', 7, 'mantenimiento', 11000, 204, 7.549019607843137, 1, 'Rendimientos estandar_', 99, '{"Agua": 1, "Cultivo": "Limón Común", "Densidad Caracteristicas": 204, "Edad": 7, "Etapa": "Mantenimiento", "Factor Densidad": 7.549019607843137, "Rendimiento Ajustado": 10450, "Rendimiento potencial Kg/ha": 11000}'::jsonb),
  ('limon', 'limon_comun', 8, 'mantenimiento', 11000, 204, 7.549019607843137, 1, 'Rendimientos estandar_', 100, '{"Agua": 1, "Cultivo": "Limón Común", "Densidad Caracteristicas": 204, "Edad": 8, "Etapa": "Mantenimiento", "Factor Densidad": 7.549019607843137, "Rendimiento Ajustado": 10450, "Rendimiento potencial Kg/ha": 11000}'::jsonb),
  ('limon', 'limon_comun', 9, 'mantenimiento', 11000, 204, 7.549019607843137, 1, 'Rendimientos estandar_', 101, '{"Agua": 1, "Cultivo": "Limón Común", "Densidad Caracteristicas": 204, "Edad": 9, "Etapa": "Mantenimiento", "Factor Densidad": 7.549019607843137, "Rendimiento Ajustado": 10450, "Rendimiento potencial Kg/ha": 11000}'::jsonb),
  ('limon', 'limon_comun', 10, 'mantenimiento', 11000, 204, 7.549019607843137, 1, 'Rendimientos estandar_', 102, '{"Agua": 1, "Cultivo": "Limón Común", "Densidad Caracteristicas": 204, "Edad": 10, "Etapa": "Mantenimiento", "Factor Densidad": 7.549019607843137, "Rendimiento Ajustado": 10450, "Rendimiento potencial Kg/ha": 11000}'::jsonb),
  ('limon', 'limon_comun', 11, 'mantenimiento', 11000, 204, 7.549019607843137, 1, 'Rendimientos estandar_', 103, '{"Agua": 1, "Cultivo": "Limón Común", "Densidad Caracteristicas": 204, "Edad": 11, "Etapa": "Mantenimiento", "Factor Densidad": 7.549019607843137, "Rendimiento Ajustado": 10450, "Rendimiento potencial Kg/ha": 11000}'::jsonb),
  ('limon', 'limon_comun', 12, 'mantenimiento', 11000, 204, 7.549019607843137, 1, 'Rendimientos estandar_', 104, '{"Agua": 1, "Cultivo": "Limón Común", "Densidad Caracteristicas": 204, "Edad": 12, "Etapa": "Mantenimiento", "Factor Densidad": 7.549019607843137, "Rendimiento Ajustado": 10450, "Rendimiento potencial Kg/ha": 11000}'::jsonb),
  ('limon', 'limon_comun', 13, 'mantenimiento', 11000, 204, 7.549019607843137, 1, 'Rendimientos estandar_', 105, '{"Agua": 1, "Cultivo": "Limón Común", "Densidad Caracteristicas": 204, "Edad": 13, "Etapa": "Mantenimiento", "Factor Densidad": 7.549019607843137, "Rendimiento Ajustado": 10450, "Rendimiento potencial Kg/ha": 11000}'::jsonb),
  ('limon', 'limon_comun', 14, 'mantenimiento', 11000, 204, 7.549019607843137, 1, 'Rendimientos estandar_', 106, '{"Agua": 1, "Cultivo": "Limón Común", "Densidad Caracteristicas": 204, "Edad": 14, "Etapa": "Mantenimiento", "Factor Densidad": 7.549019607843137, "Rendimiento Ajustado": 10450, "Rendimiento potencial Kg/ha": 11000}'::jsonb),
  ('limon', 'limon_comun', 15, 'mantenimiento', 11000, 204, 7.549019607843137, 1, 'Rendimientos estandar_', 107, '{"Agua": 1, "Cultivo": "Limón Común", "Densidad Caracteristicas": 204, "Edad": 15, "Etapa": "Mantenimiento", "Factor Densidad": 7.549019607843137, "Rendimiento Ajustado": 10450, "Rendimiento potencial Kg/ha": 11000}'::jsonb),
  ('limon', 'limon_comun', 16, 'mantenimiento', 11000, 204, 7.549019607843137, 1, 'Rendimientos estandar_', 108, '{"Agua": 1, "Cultivo": "Limón Común", "Densidad Caracteristicas": 204, "Edad": 16, "Etapa": "Mantenimiento", "Factor Densidad": 7.549019607843137, "Rendimiento Ajustado": 10450, "Rendimiento potencial Kg/ha": 11000}'::jsonb),
  ('limon', 'limon_comun', 17, 'mantenimiento', 11000, 204, 7.549019607843137, 1, 'Rendimientos estandar_', 109, '{"Agua": 1, "Cultivo": "Limón Común", "Densidad Caracteristicas": 204, "Edad": 17, "Etapa": "Mantenimiento", "Factor Densidad": 7.549019607843137, "Rendimiento Ajustado": 10450, "Rendimiento potencial Kg/ha": 11000}'::jsonb),
  ('limon', 'limon_comun', 18, 'mantenimiento', 11000, 204, 7.549019607843137, 1, 'Rendimientos estandar_', 110, '{"Agua": 1, "Cultivo": "Limón Común", "Densidad Caracteristicas": 204, "Edad": 18, "Etapa": "Mantenimiento", "Factor Densidad": 7.549019607843137, "Rendimiento Ajustado": 10450, "Rendimiento potencial Kg/ha": 11000}'::jsonb),
  ('limon', 'limon_comun', 19, 'mantenimiento', 11000, 204, 7.549019607843137, 1, 'Rendimientos estandar_', 111, '{"Agua": 1, "Cultivo": "Limón Común", "Densidad Caracteristicas": 204, "Edad": 19, "Etapa": "Mantenimiento", "Factor Densidad": 7.549019607843137, "Rendimiento Ajustado": 10450, "Rendimiento potencial Kg/ha": 11000}'::jsonb),
  ('limon', 'limon_comun', 20, 'mantenimiento', 11000, 204, 7.549019607843137, 1, 'Rendimientos estandar_', 112, '{"Agua": 1, "Cultivo": "Limón Común", "Densidad Caracteristicas": 204, "Edad": 20, "Etapa": "Mantenimiento", "Factor Densidad": 7.549019607843137, "Rendimiento Ajustado": 10450, "Rendimiento potencial Kg/ha": 11000}'::jsonb),
  ('limon', 'limon_mandarino', 1, 'establecimiento', 0, 250, 6.16, 0.8, 'Rendimientos estandar_', 113, '{"Agua": 0.8, "Cultivo": "Limón Mandarino", "Densidad Caracteristicas": 250, "Edad": 1, "Etapa": "Establecimiento", "Factor Densidad": 6.16, "Rendimiento Ajustado": 0, "Rendimiento potencial Kg/ha": 0}'::jsonb),
  ('limon', 'limon_mandarino', 2, 'improductivo', 0, 250, 6.16, 0.8, 'Rendimientos estandar_', 114, '{"Agua": 0.8, "Cultivo": "Limón Mandarino", "Densidad Caracteristicas": 250, "Edad": 2, "Etapa": "Improductivo", "Factor Densidad": 6.16, "Rendimiento Ajustado": 0, "Rendimiento potencial Kg/ha": 0}'::jsonb),
  ('limon', 'limon_mandarino', 3, 'mantenimiento', 1500, 250, 6.16, 0.8, 'Rendimientos estandar_', 115, '{"Agua": 0.8, "Cultivo": "Limón Mandarino", "Densidad Caracteristicas": 250, "Edad": 3, "Etapa": "Mantenimiento", "Factor Densidad": 6.16, "Rendimiento Ajustado": 1425, "Rendimiento potencial Kg/ha": 1500}'::jsonb),
  ('limon', 'limon_mandarino', 4, 'mantenimiento', 6000, 250, 6.16, 0.8, 'Rendimientos estandar_', 116, '{"Agua": 0.8, "Cultivo": "Limón Mandarino", "Densidad Caracteristicas": 250, "Edad": 4, "Etapa": "Mantenimiento", "Factor Densidad": 6.16, "Rendimiento Ajustado": 5700, "Rendimiento potencial Kg/ha": 6000}'::jsonb),
  ('limon', 'limon_mandarino', 5, 'mantenimiento', 12000, 250, 6.16, 0.8, 'Rendimientos estandar_', 117, '{"Agua": 0.8, "Cultivo": "Limón Mandarino", "Densidad Caracteristicas": 250, "Edad": 5, "Etapa": "Mantenimiento", "Factor Densidad": 6.16, "Rendimiento Ajustado": 11400, "Rendimiento potencial Kg/ha": 12000}'::jsonb),
  ('limon', 'limon_mandarino', 6, 'mantenimiento', 15000, 250, 6.16, 0.8, 'Rendimientos estandar_', 118, '{"Agua": 0.8, "Cultivo": "Limón Mandarino", "Densidad Caracteristicas": 250, "Edad": 6, "Etapa": "Mantenimiento", "Factor Densidad": 6.16, "Rendimiento Ajustado": 14250, "Rendimiento potencial Kg/ha": 15000}'::jsonb),
  ('limon', 'limon_mandarino', 7, 'mantenimiento', 14500, 250, 6.16, 0.8, 'Rendimientos estandar_', 119, '{"Agua": 0.8, "Cultivo": "Limón Mandarino", "Densidad Caracteristicas": 250, "Edad": 7, "Etapa": "Mantenimiento", "Factor Densidad": 6.16, "Rendimiento Ajustado": 13775, "Rendimiento potencial Kg/ha": 14500}'::jsonb),
  ('limon', 'limon_mandarino', 8, 'mantenimiento', 14000, 250, 6.16, 0.8, 'Rendimientos estandar_', 120, '{"Agua": 0.8, "Cultivo": "Limón Mandarino", "Densidad Caracteristicas": 250, "Edad": 8, "Etapa": "Mantenimiento", "Factor Densidad": 6.16, "Rendimiento Ajustado": 13300, "Rendimiento potencial Kg/ha": 14000}'::jsonb),
  ('limon', 'limon_mandarino', 9, 'mantenimiento', 13500, 250, 6.16, 0.8, 'Rendimientos estandar_', 121, '{"Agua": 0.8, "Cultivo": "Limón Mandarino", "Densidad Caracteristicas": 250, "Edad": 9, "Etapa": "Mantenimiento", "Factor Densidad": 6.16, "Rendimiento Ajustado": 12825, "Rendimiento potencial Kg/ha": 13500}'::jsonb),
  ('limon', 'limon_mandarino', 10, 'mantenimiento', 13000, 250, 6.16, 0.8, 'Rendimientos estandar_', 122, '{"Agua": 0.8, "Cultivo": "Limón Mandarino", "Densidad Caracteristicas": 250, "Edad": 10, "Etapa": "Mantenimiento", "Factor Densidad": 6.16, "Rendimiento Ajustado": 12350, "Rendimiento potencial Kg/ha": 13000}'::jsonb),
  ('limon', 'limon_mandarino', 11, 'mantenimiento', 12500, 250, 6.16, 0.8, 'Rendimientos estandar_', 123, '{"Agua": 0.8, "Cultivo": "Limón Mandarino", "Densidad Caracteristicas": 250, "Edad": 11, "Etapa": "Mantenimiento", "Factor Densidad": 6.16, "Rendimiento Ajustado": 11875, "Rendimiento potencial Kg/ha": 12500}'::jsonb),
  ('limon', 'limon_mandarino', 12, 'mantenimiento', 12000, 250, 6.16, 0.8, 'Rendimientos estandar_', 124, '{"Agua": 0.8, "Cultivo": "Limón Mandarino", "Densidad Caracteristicas": 250, "Edad": 12, "Etapa": "Mantenimiento", "Factor Densidad": 6.16, "Rendimiento Ajustado": 11400, "Rendimiento potencial Kg/ha": 12000}'::jsonb),
  ('limon', 'limon_mandarino', 13, 'mantenimiento', 12000, 250, 6.16, 0.8, 'Rendimientos estandar_', 125, '{"Agua": 0.8, "Cultivo": "Limón Mandarino", "Densidad Caracteristicas": 250, "Edad": 13, "Etapa": "Mantenimiento", "Factor Densidad": 6.16, "Rendimiento Ajustado": 11400, "Rendimiento potencial Kg/ha": 12000}'::jsonb),
  ('limon', 'limon_mandarino', 14, 'mantenimiento', 12000, 250, 6.16, 0.8, 'Rendimientos estandar_', 126, '{"Agua": 0.8, "Cultivo": "Limón Mandarino", "Densidad Caracteristicas": 250, "Edad": 14, "Etapa": "Mantenimiento", "Factor Densidad": 6.16, "Rendimiento Ajustado": 11400, "Rendimiento potencial Kg/ha": 12000}'::jsonb),
  ('limon', 'limon_mandarino', 15, 'mantenimiento', 12000, 250, 6.16, 0.8, 'Rendimientos estandar_', 127, '{"Agua": 0.8, "Cultivo": "Limón Mandarino", "Densidad Caracteristicas": 250, "Edad": 15, "Etapa": "Mantenimiento", "Factor Densidad": 6.16, "Rendimiento Ajustado": 11400, "Rendimiento potencial Kg/ha": 12000}'::jsonb),
  ('limon', 'limon_mandarino', 16, 'mantenimiento', 12000, 250, 6.16, 0.8, 'Rendimientos estandar_', 128, '{"Agua": 0.8, "Cultivo": "Limón Mandarino", "Densidad Caracteristicas": 250, "Edad": 16, "Etapa": "Mantenimiento", "Factor Densidad": 6.16, "Rendimiento Ajustado": 11400, "Rendimiento potencial Kg/ha": 12000}'::jsonb),
  ('limon', 'limon_mandarino', 17, 'mantenimiento', 12000, 250, 6.16, 0.8, 'Rendimientos estandar_', 129, '{"Agua": 0.8, "Cultivo": "Limón Mandarino", "Densidad Caracteristicas": 250, "Edad": 17, "Etapa": "Mantenimiento", "Factor Densidad": 6.16, "Rendimiento Ajustado": 11400, "Rendimiento potencial Kg/ha": 12000}'::jsonb),
  ('limon', 'limon_mandarino', 18, 'mantenimiento', 10000, 250, 6.16, 0.8, 'Rendimientos estandar_', 130, '{"Agua": 0.8, "Cultivo": "Limón Mandarino", "Densidad Caracteristicas": 250, "Edad": 18, "Etapa": "Mantenimiento", "Factor Densidad": 6.16, "Rendimiento Ajustado": 9500, "Rendimiento potencial Kg/ha": 10000}'::jsonb),
  ('limon', 'limon_mandarino', 19, 'mantenimiento', 9500, 250, 6.16, 0.8, 'Rendimientos estandar_', 131, '{"Agua": 0.8, "Cultivo": "Limón Mandarino", "Densidad Caracteristicas": 250, "Edad": 19, "Etapa": "Mantenimiento", "Factor Densidad": 6.16, "Rendimiento Ajustado": 9025, "Rendimiento potencial Kg/ha": 9500}'::jsonb),
  ('limon', 'limon_mandarino', 20, 'mantenimiento', 9000, 250, 6.16, 0.8, 'Rendimientos estandar_', 132, '{"Agua": 0.8, "Cultivo": "Limón Mandarino", "Densidad Caracteristicas": 250, "Edad": 20, "Etapa": "Mantenimiento", "Factor Densidad": 6.16, "Rendimiento Ajustado": 8550, "Rendimiento potencial Kg/ha": 9000}'::jsonb),
  ('mandarina', 'mandarina_comun', 1, 'establecimiento', 0, 277, 5.55956678700361, 0.8, 'Rendimientos estandar_', 133, '{"Agua": 0.8, "Cultivo": "Mandarina Común", "Densidad Caracteristicas": 277, "Edad": 1, "Etapa": "Establecimiento", "Factor Densidad": 5.55956678700361, "Rendimiento Ajustado": 0, "Rendimiento potencial Kg/ha": 0}'::jsonb),
  ('mandarina', 'mandarina_comun', 2, 'improductivo', 0, 277, 5.55956678700361, 0.8, 'Rendimientos estandar_', 134, '{"Agua": 0.8, "Cultivo": "Mandarina Común", "Densidad Caracteristicas": 277, "Edad": 2, "Etapa": "Improductivo", "Factor Densidad": 5.55956678700361, "Rendimiento Ajustado": 0, "Rendimiento potencial Kg/ha": 0}'::jsonb),
  ('mandarina', 'mandarina_comun', 3, 'mantenimiento', 5670, 277, 5.55956678700361, 0.8, 'Rendimientos estandar_', 135, '{"Agua": 0.8, "Cultivo": "Mandarina Común", "Densidad Caracteristicas": 277, "Edad": 3, "Etapa": "Mantenimiento", "Factor Densidad": 5.55956678700361, "Rendimiento Ajustado": 5386.5, "Rendimiento potencial Kg/ha": 5670}'::jsonb),
  ('mandarina', 'mandarina_comun', 4, 'mantenimiento', 11330, 277, 5.55956678700361, 0.8, 'Rendimientos estandar_', 136, '{"Agua": 0.8, "Cultivo": "Mandarina Común", "Densidad Caracteristicas": 277, "Edad": 4, "Etapa": "Mantenimiento", "Factor Densidad": 5.55956678700361, "Rendimiento Ajustado": 10763.5, "Rendimiento potencial Kg/ha": 11330}'::jsonb),
  ('mandarina', 'mandarina_comun', 5, 'mantenimiento', 17000, 277, 5.55956678700361, 0.8, 'Rendimientos estandar_', 137, '{"Agua": 0.8, "Cultivo": "Mandarina Común", "Densidad Caracteristicas": 277, "Edad": 5, "Etapa": "Mantenimiento", "Factor Densidad": 5.55956678700361, "Rendimiento Ajustado": 16150, "Rendimiento potencial Kg/ha": 17000}'::jsonb),
  ('mandarina', 'mandarina_comun', 6, 'mantenimiento', 17000, 277, 5.55956678700361, 0.8, 'Rendimientos estandar_', 138, '{"Agua": 0.8, "Cultivo": "Mandarina Común", "Densidad Caracteristicas": 277, "Edad": 6, "Etapa": "Mantenimiento", "Factor Densidad": 5.55956678700361, "Rendimiento Ajustado": 16150, "Rendimiento potencial Kg/ha": 17000}'::jsonb),
  ('mandarina', 'mandarina_comun', 7, 'mantenimiento', 17000, 277, 5.55956678700361, 0.8, 'Rendimientos estandar_', 139, '{"Agua": 0.8, "Cultivo": "Mandarina Común", "Densidad Caracteristicas": 277, "Edad": 7, "Etapa": "Mantenimiento", "Factor Densidad": 5.55956678700361, "Rendimiento Ajustado": 16150, "Rendimiento potencial Kg/ha": 17000}'::jsonb),
  ('mandarina', 'mandarina_comun', 8, 'mantenimiento', 17000, 277, 5.55956678700361, 0.8, 'Rendimientos estandar_', 140, '{"Agua": 0.8, "Cultivo": "Mandarina Común", "Densidad Caracteristicas": 277, "Edad": 8, "Etapa": "Mantenimiento", "Factor Densidad": 5.55956678700361, "Rendimiento Ajustado": 16150, "Rendimiento potencial Kg/ha": 17000}'::jsonb),
  ('mandarina', 'mandarina_comun', 9, 'mantenimiento', 17000, 277, 5.55956678700361, 0.8, 'Rendimientos estandar_', 141, '{"Agua": 0.8, "Cultivo": "Mandarina Común", "Densidad Caracteristicas": 277, "Edad": 9, "Etapa": "Mantenimiento", "Factor Densidad": 5.55956678700361, "Rendimiento Ajustado": 16150, "Rendimiento potencial Kg/ha": 17000}'::jsonb),
  ('mandarina', 'mandarina_comun', 10, 'mantenimiento', 17000, 277, 5.55956678700361, 0.8, 'Rendimientos estandar_', 142, '{"Agua": 0.8, "Cultivo": "Mandarina Común", "Densidad Caracteristicas": 277, "Edad": 10, "Etapa": "Mantenimiento", "Factor Densidad": 5.55956678700361, "Rendimiento Ajustado": 16150, "Rendimiento potencial Kg/ha": 17000}'::jsonb),
  ('mandarina', 'mandarina_comun', 11, 'mantenimiento', 17000, 277, 5.55956678700361, 0.8, 'Rendimientos estandar_', 143, '{"Agua": 0.8, "Cultivo": "Mandarina Común", "Densidad Caracteristicas": 277, "Edad": 11, "Etapa": "Mantenimiento", "Factor Densidad": 5.55956678700361, "Rendimiento Ajustado": 16150, "Rendimiento potencial Kg/ha": 17000}'::jsonb),
  ('mandarina', 'mandarina_comun', 12, 'mantenimiento', 17000, 277, 5.55956678700361, 0.8, 'Rendimientos estandar_', 144, '{"Agua": 0.8, "Cultivo": "Mandarina Común", "Densidad Caracteristicas": 277, "Edad": 12, "Etapa": "Mantenimiento", "Factor Densidad": 5.55956678700361, "Rendimiento Ajustado": 16150, "Rendimiento potencial Kg/ha": 17000}'::jsonb),
  ('mandarina', 'mandarina_comun', 13, 'mantenimiento', 17000, 277, 5.55956678700361, 0.8, 'Rendimientos estandar_', 145, '{"Agua": 0.8, "Cultivo": "Mandarina Común", "Densidad Caracteristicas": 277, "Edad": 13, "Etapa": "Mantenimiento", "Factor Densidad": 5.55956678700361, "Rendimiento Ajustado": 16150, "Rendimiento potencial Kg/ha": 17000}'::jsonb),
  ('mandarina', 'mandarina_comun', 14, 'mantenimiento', 17000, 277, 5.55956678700361, 0.8, 'Rendimientos estandar_', 146, '{"Agua": 0.8, "Cultivo": "Mandarina Común", "Densidad Caracteristicas": 277, "Edad": 14, "Etapa": "Mantenimiento", "Factor Densidad": 5.55956678700361, "Rendimiento Ajustado": 16150, "Rendimiento potencial Kg/ha": 17000}'::jsonb),
  ('mandarina', 'mandarina_comun', 15, 'mantenimiento', 17000, 277, 5.55956678700361, 0.8, 'Rendimientos estandar_', 147, '{"Agua": 0.8, "Cultivo": "Mandarina Común", "Densidad Caracteristicas": 277, "Edad": 15, "Etapa": "Mantenimiento", "Factor Densidad": 5.55956678700361, "Rendimiento Ajustado": 16150, "Rendimiento potencial Kg/ha": 17000}'::jsonb),
  ('mango', 'mango_tommy', 1, 'establecimiento', 0, 236, 6.52542372881356, 0.8, 'Rendimientos estandar_', 148, '{"Agua": 0.8, "Cultivo": "Mango Tommy", "Densidad Caracteristicas": 236, "Edad": 1, "Etapa": "Establecimiento", "Factor Densidad": 6.52542372881356, "Rendimiento Ajustado": 0, "Rendimiento potencial Kg/ha": 0}'::jsonb),
  ('mango', 'mango_tommy', 2, 'improductivo', 0, 236, 6.52542372881356, 0.8, 'Rendimientos estandar_', 149, '{"Agua": 0.8, "Cultivo": "Mango Tommy", "Densidad Caracteristicas": 236, "Edad": 2, "Etapa": "Improductivo", "Factor Densidad": 6.52542372881356, "Rendimiento Ajustado": 0, "Rendimiento potencial Kg/ha": 0}'::jsonb),
  ('mango', 'mango_tommy', 3, 'mantenimiento', 0, 236, 6.52542372881356, 0.8, 'Rendimientos estandar_', 150, '{"Agua": 0.8, "Cultivo": "Mango Tommy", "Densidad Caracteristicas": 236, "Edad": 3, "Etapa": "Mantenimiento", "Factor Densidad": 6.52542372881356, "Rendimiento Ajustado": 0, "Rendimiento potencial Kg/ha": 0}'::jsonb),
  ('mango', 'mango_tommy', 4, 'mantenimiento', 4000, 236, 6.52542372881356, 0.8, 'Rendimientos estandar_', 151, '{"Agua": 0.8, "Cultivo": "Mango Tommy", "Densidad Caracteristicas": 236, "Edad": 4, "Etapa": "Mantenimiento", "Factor Densidad": 6.52542372881356, "Rendimiento Ajustado": 3800, "Rendimiento potencial Kg/ha": 4000}'::jsonb),
  ('mango', 'mango_tommy', 5, 'mantenimiento', 10000, 236, 6.52542372881356, 0.8, 'Rendimientos estandar_', 152, '{"Agua": 0.8, "Cultivo": "Mango Tommy", "Densidad Caracteristicas": 236, "Edad": 5, "Etapa": "Mantenimiento", "Factor Densidad": 6.52542372881356, "Rendimiento Ajustado": 9500, "Rendimiento potencial Kg/ha": 10000}'::jsonb),
  ('mango', 'mango_tommy', 6, 'mantenimiento', 10000, 236, 6.52542372881356, 0.8, 'Rendimientos estandar_', 153, '{"Agua": 0.8, "Cultivo": "Mango Tommy", "Densidad Caracteristicas": 236, "Edad": 6, "Etapa": "Mantenimiento", "Factor Densidad": 6.52542372881356, "Rendimiento Ajustado": 9500, "Rendimiento potencial Kg/ha": 10000}'::jsonb),
  ('mango', 'mango_tommy', 7, 'mantenimiento', 20000, 236, 6.52542372881356, 0.8, 'Rendimientos estandar_', 154, '{"Agua": 0.8, "Cultivo": "Mango Tommy", "Densidad Caracteristicas": 236, "Edad": 7, "Etapa": "Mantenimiento", "Factor Densidad": 6.52542372881356, "Rendimiento Ajustado": 19000, "Rendimiento potencial Kg/ha": 20000}'::jsonb),
  ('mango', 'mango_tommy', 8, 'mantenimiento', 20000, 236, 6.52542372881356, 0.8, 'Rendimientos estandar_', 155, '{"Agua": 0.8, "Cultivo": "Mango Tommy", "Densidad Caracteristicas": 236, "Edad": 8, "Etapa": "Mantenimiento", "Factor Densidad": 6.52542372881356, "Rendimiento Ajustado": 19000, "Rendimiento potencial Kg/ha": 20000}'::jsonb),
  ('mango', 'mango_tommy', 9, 'mantenimiento', 20000, 236, 6.52542372881356, 0.8, 'Rendimientos estandar_', 156, '{"Agua": 0.8, "Cultivo": "Mango Tommy", "Densidad Caracteristicas": 236, "Edad": 9, "Etapa": "Mantenimiento", "Factor Densidad": 6.52542372881356, "Rendimiento Ajustado": 19000, "Rendimiento potencial Kg/ha": 20000}'::jsonb),
  ('mango', 'mango_tommy', 10, 'mantenimiento', 20000, 236, 6.52542372881356, 0.8, 'Rendimientos estandar_', 157, '{"Agua": 0.8, "Cultivo": "Mango Tommy", "Densidad Caracteristicas": 236, "Edad": 10, "Etapa": "Mantenimiento", "Factor Densidad": 6.52542372881356, "Rendimiento Ajustado": 19000, "Rendimiento potencial Kg/ha": 20000}'::jsonb),
  ('mango', 'mango_tommy', 11, 'mantenimiento', 20000, 236, 6.52542372881356, 0.8, 'Rendimientos estandar_', 158, '{"Agua": 0.8, "Cultivo": "Mango Tommy", "Densidad Caracteristicas": 236, "Edad": 11, "Etapa": "Mantenimiento", "Factor Densidad": 6.52542372881356, "Rendimiento Ajustado": 19000, "Rendimiento potencial Kg/ha": 20000}'::jsonb),
  ('mango', 'mango_tommy', 12, 'mantenimiento', 20000, 236, 6.52542372881356, 0.8, 'Rendimientos estandar_', 159, '{"Agua": 0.8, "Cultivo": "Mango Tommy", "Densidad Caracteristicas": 236, "Edad": 12, "Etapa": "Mantenimiento", "Factor Densidad": 6.52542372881356, "Rendimiento Ajustado": 19000, "Rendimiento potencial Kg/ha": 20000}'::jsonb),
  ('mango', 'mango_tommy', 13, 'mantenimiento', 20000, 236, 6.52542372881356, 0.8, 'Rendimientos estandar_', 160, '{"Agua": 0.8, "Cultivo": "Mango Tommy", "Densidad Caracteristicas": 236, "Edad": 13, "Etapa": "Mantenimiento", "Factor Densidad": 6.52542372881356, "Rendimiento Ajustado": 19000, "Rendimiento potencial Kg/ha": 20000}'::jsonb),
  ('mango', 'mango_tommy', 14, 'mantenimiento', 20000, 236, 6.52542372881356, 0.8, 'Rendimientos estandar_', 161, '{"Agua": 0.8, "Cultivo": "Mango Tommy", "Densidad Caracteristicas": 236, "Edad": 14, "Etapa": "Mantenimiento", "Factor Densidad": 6.52542372881356, "Rendimiento Ajustado": 19000, "Rendimiento potencial Kg/ha": 20000}'::jsonb),
  ('mango', 'mango_tommy', 15, 'mantenimiento', 20000, 236, 6.52542372881356, 0.8, 'Rendimientos estandar_', 162, '{"Agua": 0.8, "Cultivo": "Mango Tommy", "Densidad Caracteristicas": 236, "Edad": 15, "Etapa": "Mantenimiento", "Factor Densidad": 6.52542372881356, "Rendimiento Ajustado": 19000, "Rendimiento potencial Kg/ha": 20000}'::jsonb),
  ('mango', 'mango_tommy', 16, 'mantenimiento', 20000, 236, 6.52542372881356, 0.8, 'Rendimientos estandar_', 163, '{"Agua": 0.8, "Cultivo": "Mango Tommy", "Densidad Caracteristicas": 236, "Edad": 16, "Etapa": "Mantenimiento", "Factor Densidad": 6.52542372881356, "Rendimiento Ajustado": 19000, "Rendimiento potencial Kg/ha": 20000}'::jsonb),
  ('mango', 'mango_tommy', 17, 'mantenimiento', 20000, 236, 6.52542372881356, 0.8, 'Rendimientos estandar_', 164, '{"Agua": 0.8, "Cultivo": "Mango Tommy", "Densidad Caracteristicas": 236, "Edad": 17, "Etapa": "Mantenimiento", "Factor Densidad": 6.52542372881356, "Rendimiento Ajustado": 19000, "Rendimiento potencial Kg/ha": 20000}'::jsonb),
  ('mango', 'mango_tommy', 18, 'mantenimiento', 20000, 236, 6.52542372881356, 0.8, 'Rendimientos estandar_', 165, '{"Agua": 0.8, "Cultivo": "Mango Tommy", "Densidad Caracteristicas": 236, "Edad": 18, "Etapa": "Mantenimiento", "Factor Densidad": 6.52542372881356, "Rendimiento Ajustado": 19000, "Rendimiento potencial Kg/ha": 20000}'::jsonb),
  ('mango', 'mango_tommy', 19, 'mantenimiento', 12000, 236, 6.52542372881356, 0.8, 'Rendimientos estandar_', 166, '{"Agua": 0.8, "Cultivo": "Mango Tommy", "Densidad Caracteristicas": 236, "Edad": 19, "Etapa": "Mantenimiento", "Factor Densidad": 6.52542372881356, "Rendimiento Ajustado": 11400, "Rendimiento potencial Kg/ha": 12000}'::jsonb),
  ('mango', 'mango_tommy', 20, 'mantenimiento', 5000, 236, 6.52542372881356, 0.8, 'Rendimientos estandar_', 167, '{"Agua": 0.8, "Cultivo": "Mango Tommy", "Densidad Caracteristicas": 236, "Edad": 20, "Etapa": "Mantenimiento", "Factor Densidad": 6.52542372881356, "Rendimiento Ajustado": 4750, "Rendimiento potencial Kg/ha": 5000}'::jsonb),
  ('naranja', 'naranja_valencia', 1, 'establecimiento', 0, 235, 6.553191489361702, 0.8, 'Rendimientos estandar_', 168, '{"Agua": 0.8, "Cultivo": "Naranja Valencia", "Densidad Caracteristicas": 235, "Edad": 1, "Etapa": "Establecimiento", "Factor Densidad": 6.553191489361702, "Rendimiento Ajustado": 0, "Rendimiento potencial Kg/ha": 0}'::jsonb),
  ('naranja', 'naranja_valencia', 2, 'improductivo', 0, 235, 6.553191489361702, 0.8, 'Rendimientos estandar_', 169, '{"Agua": 0.8, "Cultivo": "Naranja Valencia", "Densidad Caracteristicas": 235, "Edad": 2, "Etapa": "Improductivo", "Factor Densidad": 6.553191489361702, "Rendimiento Ajustado": 0, "Rendimiento potencial Kg/ha": 0}'::jsonb),
  ('naranja', 'naranja_valencia', 3, 'mantenimiento', 8170, 235, 6.553191489361702, 0.8, 'Rendimientos estandar_', 170, '{"Agua": 0.8, "Cultivo": "Naranja Valencia", "Densidad Caracteristicas": 235, "Edad": 3, "Etapa": "Mantenimiento", "Factor Densidad": 6.553191489361702, "Rendimiento Ajustado": 7761.5, "Rendimiento potencial Kg/ha": 8170}'::jsonb),
  ('naranja', 'naranja_valencia', 4, 'mantenimiento', 16330, 235, 6.553191489361702, 0.8, 'Rendimientos estandar_', 171, '{"Agua": 0.8, "Cultivo": "Naranja Valencia", "Densidad Caracteristicas": 235, "Edad": 4, "Etapa": "Mantenimiento", "Factor Densidad": 6.553191489361702, "Rendimiento Ajustado": 15513.5, "Rendimiento potencial Kg/ha": 16330}'::jsonb),
  ('naranja', 'naranja_valencia', 5, 'mantenimiento', 24500, 235, 6.553191489361702, 0.8, 'Rendimientos estandar_', 172, '{"Agua": 0.8, "Cultivo": "Naranja Valencia", "Densidad Caracteristicas": 235, "Edad": 5, "Etapa": "Mantenimiento", "Factor Densidad": 6.553191489361702, "Rendimiento Ajustado": 23275, "Rendimiento potencial Kg/ha": 24500}'::jsonb),
  ('naranja', 'naranja_valencia', 6, 'mantenimiento', 24500, 235, 6.553191489361702, 0.8, 'Rendimientos estandar_', 173, '{"Agua": 0.8, "Cultivo": "Naranja Valencia", "Densidad Caracteristicas": 235, "Edad": 6, "Etapa": "Mantenimiento", "Factor Densidad": 6.553191489361702, "Rendimiento Ajustado": 23275, "Rendimiento potencial Kg/ha": 24500}'::jsonb),
  ('naranja', 'naranja_valencia', 7, 'mantenimiento', 24500, 235, 6.553191489361702, 0.8, 'Rendimientos estandar_', 174, '{"Agua": 0.8, "Cultivo": "Naranja Valencia", "Densidad Caracteristicas": 235, "Edad": 7, "Etapa": "Mantenimiento", "Factor Densidad": 6.553191489361702, "Rendimiento Ajustado": 23275, "Rendimiento potencial Kg/ha": 24500}'::jsonb),
  ('naranja', 'naranja_valencia', 8, 'mantenimiento', 24500, 235, 6.553191489361702, 0.8, 'Rendimientos estandar_', 175, '{"Agua": 0.8, "Cultivo": "Naranja Valencia", "Densidad Caracteristicas": 235, "Edad": 8, "Etapa": "Mantenimiento", "Factor Densidad": 6.553191489361702, "Rendimiento Ajustado": 23275, "Rendimiento potencial Kg/ha": 24500}'::jsonb),
  ('naranja', 'naranja_valencia', 9, 'mantenimiento', 24500, 235, 6.553191489361702, 0.8, 'Rendimientos estandar_', 176, '{"Agua": 0.8, "Cultivo": "Naranja Valencia", "Densidad Caracteristicas": 235, "Edad": 9, "Etapa": "Mantenimiento", "Factor Densidad": 6.553191489361702, "Rendimiento Ajustado": 23275, "Rendimiento potencial Kg/ha": 24500}'::jsonb),
  ('naranja', 'naranja_valencia', 10, 'mantenimiento', 24500, 235, 6.553191489361702, 0.8, 'Rendimientos estandar_', 177, '{"Agua": 0.8, "Cultivo": "Naranja Valencia", "Densidad Caracteristicas": 235, "Edad": 10, "Etapa": "Mantenimiento", "Factor Densidad": 6.553191489361702, "Rendimiento Ajustado": 23275, "Rendimiento potencial Kg/ha": 24500}'::jsonb),
  ('naranja', 'naranja_valencia', 11, 'mantenimiento', 24500, 235, 6.553191489361702, 0.8, 'Rendimientos estandar_', 178, '{"Agua": 0.8, "Cultivo": "Naranja Valencia", "Densidad Caracteristicas": 235, "Edad": 11, "Etapa": "Mantenimiento", "Factor Densidad": 6.553191489361702, "Rendimiento Ajustado": 23275, "Rendimiento potencial Kg/ha": 24500}'::jsonb),
  ('naranja', 'naranja_valencia', 12, 'mantenimiento', 24500, 235, 6.553191489361702, 0.8, 'Rendimientos estandar_', 179, '{"Agua": 0.8, "Cultivo": "Naranja Valencia", "Densidad Caracteristicas": 235, "Edad": 12, "Etapa": "Mantenimiento", "Factor Densidad": 6.553191489361702, "Rendimiento Ajustado": 23275, "Rendimiento potencial Kg/ha": 24500}'::jsonb),
  ('naranja', 'naranja_valencia', 13, 'mantenimiento', 24500, 235, 6.553191489361702, 0.8, 'Rendimientos estandar_', 180, '{"Agua": 0.8, "Cultivo": "Naranja Valencia", "Densidad Caracteristicas": 235, "Edad": 13, "Etapa": "Mantenimiento", "Factor Densidad": 6.553191489361702, "Rendimiento Ajustado": 23275, "Rendimiento potencial Kg/ha": 24500}'::jsonb),
  ('naranja', 'naranja_valencia', 14, 'mantenimiento', 24500, 235, 6.553191489361702, 0.8, 'Rendimientos estandar_', 181, '{"Agua": 0.8, "Cultivo": "Naranja Valencia", "Densidad Caracteristicas": 235, "Edad": 14, "Etapa": "Mantenimiento", "Factor Densidad": 6.553191489361702, "Rendimiento Ajustado": 23275, "Rendimiento potencial Kg/ha": 24500}'::jsonb),
  ('naranja', 'naranja_valencia', 15, 'mantenimiento', 24500, 235, 6.553191489361702, 0.8, 'Rendimientos estandar_', 182, '{"Agua": 0.8, "Cultivo": "Naranja Valencia", "Densidad Caracteristicas": 235, "Edad": 15, "Etapa": "Mantenimiento", "Factor Densidad": 6.553191489361702, "Rendimiento Ajustado": 23275, "Rendimiento potencial Kg/ha": 24500}'::jsonb),
  ('naranja', 'naranja_valencia', 16, 'mantenimiento', 24500, 235, 6.553191489361702, 0.8, 'Rendimientos estandar_', 183, '{"Agua": 0.8, "Cultivo": "Naranja Valencia", "Densidad Caracteristicas": 235, "Edad": 16, "Etapa": "Mantenimiento", "Factor Densidad": 6.553191489361702, "Rendimiento Ajustado": 23275, "Rendimiento potencial Kg/ha": 24500}'::jsonb),
  ('naranja', 'naranja_valencia', 17, 'mantenimiento', 24500, 235, 6.553191489361702, 0.8, 'Rendimientos estandar_', 184, '{"Agua": 0.8, "Cultivo": "Naranja Valencia", "Densidad Caracteristicas": 235, "Edad": 17, "Etapa": "Mantenimiento", "Factor Densidad": 6.553191489361702, "Rendimiento Ajustado": 23275, "Rendimiento potencial Kg/ha": 24500}'::jsonb),
  ('naranja', 'naranja_valencia', 18, 'mantenimiento', 24500, 235, 6.553191489361702, 0.8, 'Rendimientos estandar_', 185, '{"Agua": 0.8, "Cultivo": "Naranja Valencia", "Densidad Caracteristicas": 235, "Edad": 18, "Etapa": "Mantenimiento", "Factor Densidad": 6.553191489361702, "Rendimiento Ajustado": 23275, "Rendimiento potencial Kg/ha": 24500}'::jsonb),
  ('naranja', 'naranja_valencia', 19, 'mantenimiento', 24500, 235, 6.553191489361702, 0.8, 'Rendimientos estandar_', 186, '{"Agua": 0.8, "Cultivo": "Naranja Valencia", "Densidad Caracteristicas": 235, "Edad": 19, "Etapa": "Mantenimiento", "Factor Densidad": 6.553191489361702, "Rendimiento Ajustado": 23275, "Rendimiento potencial Kg/ha": 24500}'::jsonb),
  ('naranja', 'naranja_valencia', 20, 'mantenimiento', 24500, 235, 6.553191489361702, 0.8, 'Rendimientos estandar_', 187, '{"Agua": 0.8, "Cultivo": "Naranja Valencia", "Densidad Caracteristicas": 235, "Edad": 20, "Etapa": "Mantenimiento", "Factor Densidad": 6.553191489361702, "Rendimiento Ajustado": 23275, "Rendimiento potencial Kg/ha": 24500}'::jsonb),
  ('naranja', 'naranja_comun', 1, 'establecimiento', 0, 204, 7.549019607843137, 0.8, 'Rendimientos estandar_', 188, '{"Agua": 0.8, "Cultivo": "Naranja Común", "Densidad Caracteristicas": 204, "Edad": 1, "Etapa": "Establecimiento", "Factor Densidad": 7.549019607843137, "Rendimiento Ajustado": 0, "Rendimiento potencial Kg/ha": 0}'::jsonb),
  ('naranja', 'naranja_comun', 2, 'improductivo', 0, 204, 7.549019607843137, 0.8, 'Rendimientos estandar_', 189, '{"Agua": 0.8, "Cultivo": "Naranja Común", "Densidad Caracteristicas": 204, "Edad": 2, "Etapa": "Improductivo", "Factor Densidad": 7.549019607843137, "Rendimiento Ajustado": 0, "Rendimiento potencial Kg/ha": 0}'::jsonb),
  ('naranja', 'naranja_comun', 3, 'mantenimiento', 7500, 204, 7.549019607843137, 0.8, 'Rendimientos estandar_', 190, '{"Agua": 0.8, "Cultivo": "Naranja Común", "Densidad Caracteristicas": 204, "Edad": 3, "Etapa": "Mantenimiento", "Factor Densidad": 7.549019607843137, "Rendimiento Ajustado": 7125, "Rendimiento potencial Kg/ha": 7500}'::jsonb),
  ('naranja', 'naranja_comun', 4, 'mantenimiento', 15000, 204, 7.549019607843137, 0.8, 'Rendimientos estandar_', 191, '{"Agua": 0.8, "Cultivo": "Naranja Común", "Densidad Caracteristicas": 204, "Edad": 4, "Etapa": "Mantenimiento", "Factor Densidad": 7.549019607843137, "Rendimiento Ajustado": 14250, "Rendimiento potencial Kg/ha": 15000}'::jsonb),
  ('naranja', 'naranja_comun', 5, 'mantenimiento', 22500, 204, 7.549019607843137, 0.8, 'Rendimientos estandar_', 192, '{"Agua": 0.8, "Cultivo": "Naranja Común", "Densidad Caracteristicas": 204, "Edad": 5, "Etapa": "Mantenimiento", "Factor Densidad": 7.549019607843137, "Rendimiento Ajustado": 21375, "Rendimiento potencial Kg/ha": 22500}'::jsonb),
  ('naranja', 'naranja_comun', 6, 'mantenimiento', 22500, 204, 7.549019607843137, 0.8, 'Rendimientos estandar_', 193, '{"Agua": 0.8, "Cultivo": "Naranja Común", "Densidad Caracteristicas": 204, "Edad": 6, "Etapa": "Mantenimiento", "Factor Densidad": 7.549019607843137, "Rendimiento Ajustado": 21375, "Rendimiento potencial Kg/ha": 22500}'::jsonb),
  ('naranja', 'naranja_comun', 7, 'mantenimiento', 22500, 204, 7.549019607843137, 0.8, 'Rendimientos estandar_', 194, '{"Agua": 0.8, "Cultivo": "Naranja Común", "Densidad Caracteristicas": 204, "Edad": 7, "Etapa": "Mantenimiento", "Factor Densidad": 7.549019607843137, "Rendimiento Ajustado": 21375, "Rendimiento potencial Kg/ha": 22500}'::jsonb),
  ('naranja', 'naranja_comun', 8, 'mantenimiento', 22500, 204, 7.549019607843137, 0.8, 'Rendimientos estandar_', 195, '{"Agua": 0.8, "Cultivo": "Naranja Común", "Densidad Caracteristicas": 204, "Edad": 8, "Etapa": "Mantenimiento", "Factor Densidad": 7.549019607843137, "Rendimiento Ajustado": 21375, "Rendimiento potencial Kg/ha": 22500}'::jsonb),
  ('naranja', 'naranja_comun', 9, 'mantenimiento', 22500, 204, 7.549019607843137, 0.8, 'Rendimientos estandar_', 196, '{"Agua": 0.8, "Cultivo": "Naranja Común", "Densidad Caracteristicas": 204, "Edad": 9, "Etapa": "Mantenimiento", "Factor Densidad": 7.549019607843137, "Rendimiento Ajustado": 21375, "Rendimiento potencial Kg/ha": 22500}'::jsonb),
  ('naranja', 'naranja_comun', 10, 'mantenimiento', 22500, 204, 7.549019607843137, 0.8, 'Rendimientos estandar_', 197, '{"Agua": 0.8, "Cultivo": "Naranja Común", "Densidad Caracteristicas": 204, "Edad": 10, "Etapa": "Mantenimiento", "Factor Densidad": 7.549019607843137, "Rendimiento Ajustado": 21375, "Rendimiento potencial Kg/ha": 22500}'::jsonb),
  ('naranja', 'naranja_comun', 11, 'mantenimiento', 22500, 204, 7.549019607843137, 0.8, 'Rendimientos estandar_', 198, '{"Agua": 0.8, "Cultivo": "Naranja Común", "Densidad Caracteristicas": 204, "Edad": 11, "Etapa": "Mantenimiento", "Factor Densidad": 7.549019607843137, "Rendimiento Ajustado": 21375, "Rendimiento potencial Kg/ha": 22500}'::jsonb),
  ('naranja', 'naranja_comun', 12, 'mantenimiento', 22500, 204, 7.549019607843137, 0.8, 'Rendimientos estandar_', 199, '{"Agua": 0.8, "Cultivo": "Naranja Común", "Densidad Caracteristicas": 204, "Edad": 12, "Etapa": "Mantenimiento", "Factor Densidad": 7.549019607843137, "Rendimiento Ajustado": 21375, "Rendimiento potencial Kg/ha": 22500}'::jsonb),
  ('naranja', 'naranja_comun', 13, 'mantenimiento', 22500, 204, 7.549019607843137, 0.8, 'Rendimientos estandar_', 200, '{"Agua": 0.8, "Cultivo": "Naranja Común", "Densidad Caracteristicas": 204, "Edad": 13, "Etapa": "Mantenimiento", "Factor Densidad": 7.549019607843137, "Rendimiento Ajustado": 21375, "Rendimiento potencial Kg/ha": 22500}'::jsonb),
  ('naranja', 'naranja_comun', 14, 'mantenimiento', 22500, 204, 7.549019607843137, 0.8, 'Rendimientos estandar_', 201, '{"Agua": 0.8, "Cultivo": "Naranja Común", "Densidad Caracteristicas": 204, "Edad": 14, "Etapa": "Mantenimiento", "Factor Densidad": 7.549019607843137, "Rendimiento Ajustado": 21375, "Rendimiento potencial Kg/ha": 22500}'::jsonb),
  ('naranja', 'naranja_comun', 15, 'mantenimiento', 22500, 204, 7.549019607843137, 0.8, 'Rendimientos estandar_', 202, '{"Agua": 0.8, "Cultivo": "Naranja Común", "Densidad Caracteristicas": 204, "Edad": 15, "Etapa": "Mantenimiento", "Factor Densidad": 7.549019607843137, "Rendimiento Ajustado": 21375, "Rendimiento potencial Kg/ha": 22500}'::jsonb),
  ('naranja', 'naranja_comun', 16, 'mantenimiento', 22500, 204, 7.549019607843137, 0.8, 'Rendimientos estandar_', 203, '{"Agua": 0.8, "Cultivo": "Naranja Común", "Densidad Caracteristicas": 204, "Edad": 16, "Etapa": "Mantenimiento", "Factor Densidad": 7.549019607843137, "Rendimiento Ajustado": 21375, "Rendimiento potencial Kg/ha": 22500}'::jsonb),
  ('naranja', 'naranja_comun', 17, 'mantenimiento', 22500, 204, 7.549019607843137, 0.8, 'Rendimientos estandar_', 204, '{"Agua": 0.8, "Cultivo": "Naranja Común", "Densidad Caracteristicas": 204, "Edad": 17, "Etapa": "Mantenimiento", "Factor Densidad": 7.549019607843137, "Rendimiento Ajustado": 21375, "Rendimiento potencial Kg/ha": 22500}'::jsonb),
  ('naranja', 'naranja_comun', 18, 'mantenimiento', 22500, 204, 7.549019607843137, 0.8, 'Rendimientos estandar_', 205, '{"Agua": 0.8, "Cultivo": "Naranja Común", "Densidad Caracteristicas": 204, "Edad": 18, "Etapa": "Mantenimiento", "Factor Densidad": 7.549019607843137, "Rendimiento Ajustado": 21375, "Rendimiento potencial Kg/ha": 22500}'::jsonb),
  ('naranja', 'naranja_comun', 19, 'mantenimiento', 22500, 204, 7.549019607843137, 0.8, 'Rendimientos estandar_', 206, '{"Agua": 0.8, "Cultivo": "Naranja Común", "Densidad Caracteristicas": 204, "Edad": 19, "Etapa": "Mantenimiento", "Factor Densidad": 7.549019607843137, "Rendimiento Ajustado": 21375, "Rendimiento potencial Kg/ha": 22500}'::jsonb),
  ('naranja', 'naranja_comun', 20, 'mantenimiento', 22500, 204, 7.549019607843137, 0.8, 'Rendimientos estandar_', 207, '{"Agua": 0.8, "Cultivo": "Naranja Común", "Densidad Caracteristicas": 204, "Edad": 20, "Etapa": "Mantenimiento", "Factor Densidad": 7.549019607843137, "Rendimiento Ajustado": 21375, "Rendimiento potencial Kg/ha": 22500}'::jsonb),
  ('palma_aceite', 'palma_aceite_hibrido_oxg', 1, 'establecimiento', 0, 115, 13.391304347826088, NULL, 'Rendimientos estandar_', 208, '{"Agua": null, "Cultivo": "Palma de aceite Híbrido (OxG)", "Densidad Caracteristicas": 115, "Edad": 1, "Etapa": "Establecimiento", "Factor Densidad": 13.391304347826088, "Rendimiento Ajustado": 0, "Rendimiento potencial Kg/ha": 0}'::jsonb),
  ('palma_aceite', 'palma_aceite_hibrido_oxg', 2, 'improductivo', 5000, 115, 13.391304347826088, NULL, 'Rendimientos estandar_', 209, '{"Agua": null, "Cultivo": "Palma de aceite Híbrido (OxG)", "Densidad Caracteristicas": 115, "Edad": 2, "Etapa": "Improductivo", "Factor Densidad": 13.391304347826088, "Rendimiento Ajustado": 4750, "Rendimiento potencial Kg/ha": 5000}'::jsonb),
  ('palma_aceite', 'palma_aceite_hibrido_oxg', 3, 'mantenimiento', 15000, 115, 13.391304347826088, NULL, 'Rendimientos estandar_', 210, '{"Agua": null, "Cultivo": "Palma de aceite Híbrido (OxG)", "Densidad Caracteristicas": 115, "Edad": 3, "Etapa": "Mantenimiento", "Factor Densidad": 13.391304347826088, "Rendimiento Ajustado": 14250, "Rendimiento potencial Kg/ha": 15000}'::jsonb),
  ('palma_aceite', 'palma_aceite_hibrido_oxg', 4, 'mantenimiento', 22000, 115, 13.391304347826088, NULL, 'Rendimientos estandar_', 211, '{"Agua": null, "Cultivo": "Palma de aceite Híbrido (OxG)", "Densidad Caracteristicas": 115, "Edad": 4, "Etapa": "Mantenimiento", "Factor Densidad": 13.391304347826088, "Rendimiento Ajustado": 20900, "Rendimiento potencial Kg/ha": 22000}'::jsonb),
  ('palma_aceite', 'palma_aceite_hibrido_oxg', 5, 'mantenimiento', 25000, 115, 13.391304347826088, NULL, 'Rendimientos estandar_', 212, '{"Agua": null, "Cultivo": "Palma de aceite Híbrido (OxG)", "Densidad Caracteristicas": 115, "Edad": 5, "Etapa": "Mantenimiento", "Factor Densidad": 13.391304347826088, "Rendimiento Ajustado": 23750, "Rendimiento potencial Kg/ha": 25000}'::jsonb),
  ('palma_aceite', 'palma_aceite_hibrido_oxg', 6, 'mantenimiento', 25000, 115, 13.391304347826088, NULL, 'Rendimientos estandar_', 213, '{"Agua": null, "Cultivo": "Palma de aceite Híbrido (OxG)", "Densidad Caracteristicas": 115, "Edad": 6, "Etapa": "Mantenimiento", "Factor Densidad": 13.391304347826088, "Rendimiento Ajustado": 23750, "Rendimiento potencial Kg/ha": 25000}'::jsonb),
  ('palma_aceite', 'palma_aceite_hibrido_oxg', 7, 'mantenimiento', 25000, 115, 13.391304347826088, NULL, 'Rendimientos estandar_', 214, '{"Agua": null, "Cultivo": "Palma de aceite Híbrido (OxG)", "Densidad Caracteristicas": 115, "Edad": 7, "Etapa": "Mantenimiento", "Factor Densidad": 13.391304347826088, "Rendimiento Ajustado": 23750, "Rendimiento potencial Kg/ha": 25000}'::jsonb),
  ('palma_aceite', 'palma_aceite_hibrido_oxg', 8, 'mantenimiento', 25000, 115, 13.391304347826088, NULL, 'Rendimientos estandar_', 215, '{"Agua": null, "Cultivo": "Palma de aceite Híbrido (OxG)", "Densidad Caracteristicas": 115, "Edad": 8, "Etapa": "Mantenimiento", "Factor Densidad": 13.391304347826088, "Rendimiento Ajustado": 23750, "Rendimiento potencial Kg/ha": 25000}'::jsonb),
  ('palma_aceite', 'palma_aceite_hibrido_oxg', 9, 'mantenimiento', 25000, 115, 13.391304347826088, NULL, 'Rendimientos estandar_', 216, '{"Agua": null, "Cultivo": "Palma de aceite Híbrido (OxG)", "Densidad Caracteristicas": 115, "Edad": 9, "Etapa": "Mantenimiento", "Factor Densidad": 13.391304347826088, "Rendimiento Ajustado": 23750, "Rendimiento potencial Kg/ha": 25000}'::jsonb),
  ('palma_aceite', 'palma_aceite_hibrido_oxg', 10, 'mantenimiento', 25000, 115, 13.391304347826088, NULL, 'Rendimientos estandar_', 217, '{"Agua": null, "Cultivo": "Palma de aceite Híbrido (OxG)", "Densidad Caracteristicas": 115, "Edad": 10, "Etapa": "Mantenimiento", "Factor Densidad": 13.391304347826088, "Rendimiento Ajustado": 23750, "Rendimiento potencial Kg/ha": 25000}'::jsonb),
  ('palma_aceite', 'palma_aceite_hibrido_oxg', 11, 'mantenimiento', 25000, 115, 13.391304347826088, NULL, 'Rendimientos estandar_', 218, '{"Agua": null, "Cultivo": "Palma de aceite Híbrido (OxG)", "Densidad Caracteristicas": 115, "Edad": 11, "Etapa": "Mantenimiento", "Factor Densidad": 13.391304347826088, "Rendimiento Ajustado": 23750, "Rendimiento potencial Kg/ha": 25000}'::jsonb),
  ('palma_aceite', 'palma_aceite_hibrido_oxg', 12, 'mantenimiento', 25000, 115, 13.391304347826088, NULL, 'Rendimientos estandar_', 219, '{"Agua": null, "Cultivo": "Palma de aceite Híbrido (OxG)", "Densidad Caracteristicas": 115, "Edad": 12, "Etapa": "Mantenimiento", "Factor Densidad": 13.391304347826088, "Rendimiento Ajustado": 23750, "Rendimiento potencial Kg/ha": 25000}'::jsonb),
  ('palma_aceite', 'palma_aceite_hibrido_oxg', 13, 'mantenimiento', 25000, 115, 13.391304347826088, NULL, 'Rendimientos estandar_', 220, '{"Agua": null, "Cultivo": "Palma de aceite Híbrido (OxG)", "Densidad Caracteristicas": 115, "Edad": 13, "Etapa": "Mantenimiento", "Factor Densidad": 13.391304347826088, "Rendimiento Ajustado": 23750, "Rendimiento potencial Kg/ha": 25000}'::jsonb),
  ('palma_aceite', 'palma_aceite_hibrido_oxg', 14, 'mantenimiento', 25000, 115, 13.391304347826088, NULL, 'Rendimientos estandar_', 221, '{"Agua": null, "Cultivo": "Palma de aceite Híbrido (OxG)", "Densidad Caracteristicas": 115, "Edad": 14, "Etapa": "Mantenimiento", "Factor Densidad": 13.391304347826088, "Rendimiento Ajustado": 23750, "Rendimiento potencial Kg/ha": 25000}'::jsonb),
  ('palma_aceite', 'palma_aceite_hibrido_oxg', 15, 'mantenimiento', 25000, 115, 13.391304347826088, NULL, 'Rendimientos estandar_', 222, '{"Agua": null, "Cultivo": "Palma de aceite Híbrido (OxG)", "Densidad Caracteristicas": 115, "Edad": 15, "Etapa": "Mantenimiento", "Factor Densidad": 13.391304347826088, "Rendimiento Ajustado": 23750, "Rendimiento potencial Kg/ha": 25000}'::jsonb),
  ('palma_aceite', 'palma_aceite_hibrido_oxg', 16, 'mantenimiento', 25000, 115, 13.391304347826088, NULL, 'Rendimientos estandar_', 223, '{"Agua": null, "Cultivo": "Palma de aceite Híbrido (OxG)", "Densidad Caracteristicas": 115, "Edad": 16, "Etapa": "Mantenimiento", "Factor Densidad": 13.391304347826088, "Rendimiento Ajustado": 23750, "Rendimiento potencial Kg/ha": 25000}'::jsonb),
  ('palma_aceite', 'palma_aceite_hibrido_oxg', 17, 'mantenimiento', 25000, 115, 13.391304347826088, NULL, 'Rendimientos estandar_', 224, '{"Agua": null, "Cultivo": "Palma de aceite Híbrido (OxG)", "Densidad Caracteristicas": 115, "Edad": 17, "Etapa": "Mantenimiento", "Factor Densidad": 13.391304347826088, "Rendimiento Ajustado": 23750, "Rendimiento potencial Kg/ha": 25000}'::jsonb),
  ('palma_aceite', 'palma_aceite_hibrido_oxg', 18, 'mantenimiento', 25000, 115, 13.391304347826088, NULL, 'Rendimientos estandar_', 225, '{"Agua": null, "Cultivo": "Palma de aceite Híbrido (OxG)", "Densidad Caracteristicas": 115, "Edad": 18, "Etapa": "Mantenimiento", "Factor Densidad": 13.391304347826088, "Rendimiento Ajustado": 23750, "Rendimiento potencial Kg/ha": 25000}'::jsonb),
  ('palma_aceite', 'palma_aceite_hibrido_oxg', 19, 'mantenimiento', 25000, 115, 13.391304347826088, NULL, 'Rendimientos estandar_', 226, '{"Agua": null, "Cultivo": "Palma de aceite Híbrido (OxG)", "Densidad Caracteristicas": 115, "Edad": 19, "Etapa": "Mantenimiento", "Factor Densidad": 13.391304347826088, "Rendimiento Ajustado": 23750, "Rendimiento potencial Kg/ha": 25000}'::jsonb),
  ('palma_aceite', 'palma_aceite_hibrido_oxg', 20, 'mantenimiento', 25000, 115, 13.391304347826088, NULL, 'Rendimientos estandar_', 227, '{"Agua": null, "Cultivo": "Palma de aceite Híbrido (OxG)", "Densidad Caracteristicas": 115, "Edad": 20, "Etapa": "Mantenimiento", "Factor Densidad": 13.391304347826088, "Rendimiento Ajustado": 23750, "Rendimiento potencial Kg/ha": 25000}'::jsonb),
  ('palma_aceite', 'palma_aceite_hibrido_oxg', 21, 'mantenimiento', 25000, 115, 13.391304347826088, NULL, 'Rendimientos estandar_', 228, '{"Agua": null, "Cultivo": "Palma de aceite Híbrido (OxG)", "Densidad Caracteristicas": 115, "Edad": 21, "Etapa": "Mantenimiento", "Factor Densidad": 13.391304347826088, "Rendimiento Ajustado": 23750, "Rendimiento potencial Kg/ha": 25000}'::jsonb),
  ('palma_aceite', 'palma_aceite_hibrido_oxg', 22, 'mantenimiento', 25000, 115, 13.391304347826088, NULL, 'Rendimientos estandar_', 229, '{"Agua": null, "Cultivo": "Palma de aceite Híbrido (OxG)", "Densidad Caracteristicas": 115, "Edad": 22, "Etapa": "Mantenimiento", "Factor Densidad": 13.391304347826088, "Rendimiento Ajustado": 23750, "Rendimiento potencial Kg/ha": 25000}'::jsonb),
  ('palma_aceite', 'palma_aceite_hibrido_oxg', 23, 'mantenimiento', 25000, 115, 13.391304347826088, NULL, 'Rendimientos estandar_', 230, '{"Agua": null, "Cultivo": "Palma de aceite Híbrido (OxG)", "Densidad Caracteristicas": 115, "Edad": 23, "Etapa": "Mantenimiento", "Factor Densidad": 13.391304347826088, "Rendimiento Ajustado": 23750, "Rendimiento potencial Kg/ha": 25000}'::jsonb),
  ('palma_aceite', 'palma_aceite_hibrido_oxg', 24, 'mantenimiento', 25000, 115, 13.391304347826088, NULL, 'Rendimientos estandar_', 231, '{"Agua": null, "Cultivo": "Palma de aceite Híbrido (OxG)", "Densidad Caracteristicas": 115, "Edad": 24, "Etapa": "Mantenimiento", "Factor Densidad": 13.391304347826088, "Rendimiento Ajustado": 23750, "Rendimiento potencial Kg/ha": 25000}'::jsonb),
  ('palma_aceite', 'palma_aceite_hibrido_oxg', 25, 'mantenimiento', 25000, 115, 13.391304347826088, NULL, 'Rendimientos estandar_', 232, '{"Agua": null, "Cultivo": "Palma de aceite Híbrido (OxG)", "Densidad Caracteristicas": 115, "Edad": 25, "Etapa": "Mantenimiento", "Factor Densidad": 13.391304347826088, "Rendimiento Ajustado": 23750, "Rendimiento potencial Kg/ha": 25000}'::jsonb),
  ('palma_aceite', 'palma_aceite_hibrido_oxg', 26, 'mantenimiento', 23000, 115, 13.391304347826088, NULL, 'Rendimientos estandar_', 233, '{"Agua": null, "Cultivo": "Palma de aceite Híbrido (OxG)", "Densidad Caracteristicas": 115, "Edad": 26, "Etapa": "Mantenimiento", "Factor Densidad": 13.391304347826088, "Rendimiento Ajustado": 21850, "Rendimiento potencial Kg/ha": 23000}'::jsonb),
  ('palma_aceite', 'palma_aceite_hibrido_oxg', 27, 'mantenimiento', 22000, 115, 13.391304347826088, NULL, 'Rendimientos estandar_', 234, '{"Agua": null, "Cultivo": "Palma de aceite Híbrido (OxG)", "Densidad Caracteristicas": 115, "Edad": 27, "Etapa": "Mantenimiento", "Factor Densidad": 13.391304347826088, "Rendimiento Ajustado": 20900, "Rendimiento potencial Kg/ha": 22000}'::jsonb),
  ('palma_aceite', 'palma_aceite_hibrido_oxg', 28, 'mantenimiento', 20000, 115, 13.391304347826088, NULL, 'Rendimientos estandar_', 235, '{"Agua": null, "Cultivo": "Palma de aceite Híbrido (OxG)", "Densidad Caracteristicas": 115, "Edad": 28, "Etapa": "Mantenimiento", "Factor Densidad": 13.391304347826088, "Rendimiento Ajustado": 19000, "Rendimiento potencial Kg/ha": 20000}'::jsonb),
  ('palma_aceite', 'palma_aceite_hibrido_oxg', 29, 'mantenimiento', 19000, 115, 13.391304347826088, NULL, 'Rendimientos estandar_', 236, '{"Agua": null, "Cultivo": "Palma de aceite Híbrido (OxG)", "Densidad Caracteristicas": 115, "Edad": 29, "Etapa": "Mantenimiento", "Factor Densidad": 13.391304347826088, "Rendimiento Ajustado": 18050, "Rendimiento potencial Kg/ha": 19000}'::jsonb),
  ('palma_aceite', 'palma_aceite_hibrido_oxg', 30, 'mantenimiento', 18000, 115, 13.391304347826088, NULL, 'Rendimientos estandar_', 237, '{"Agua": null, "Cultivo": "Palma de aceite Híbrido (OxG)", "Densidad Caracteristicas": 115, "Edad": 30, "Etapa": "Mantenimiento", "Factor Densidad": 13.391304347826088, "Rendimiento Ajustado": 17100, "Rendimiento potencial Kg/ha": 18000}'::jsonb),
  ('palma_aceite', 'palma_aceite_elaeis_guineensis', 1, 'establecimiento', 0, 143, 10.76923076923077, NULL, 'Rendimientos estandar_', 238, '{"Agua": null, "Cultivo": "Palma de aceite Elaeis guineensis", "Densidad Caracteristicas": 143, "Edad": 1, "Etapa": "Establecimiento", "Factor Densidad": 10.76923076923077, "Rendimiento Ajustado": 0, "Rendimiento potencial Kg/ha": 0}'::jsonb),
  ('palma_aceite', 'palma_aceite_elaeis_guineensis', 2, 'improductivo', 0, 143, 10.76923076923077, NULL, 'Rendimientos estandar_', 239, '{"Agua": null, "Cultivo": "Palma de aceite Elaeis guineensis", "Densidad Caracteristicas": 143, "Edad": 2, "Etapa": "Improductivo", "Factor Densidad": 10.76923076923077, "Rendimiento Ajustado": 0, "Rendimiento potencial Kg/ha": 0}'::jsonb),
  ('palma_aceite', 'palma_aceite_elaeis_guineensis', 3, 'mantenimiento', 6000, 143, 10.76923076923077, NULL, 'Rendimientos estandar_', 240, '{"Agua": null, "Cultivo": "Palma de aceite Elaeis guineensis", "Densidad Caracteristicas": 143, "Edad": 3, "Etapa": "Mantenimiento", "Factor Densidad": 10.76923076923077, "Rendimiento Ajustado": 5700, "Rendimiento potencial Kg/ha": 6000}'::jsonb),
  ('palma_aceite', 'palma_aceite_elaeis_guineensis', 4, 'mantenimiento', 10000, 143, 10.76923076923077, NULL, 'Rendimientos estandar_', 241, '{"Agua": null, "Cultivo": "Palma de aceite Elaeis guineensis", "Densidad Caracteristicas": 143, "Edad": 4, "Etapa": "Mantenimiento", "Factor Densidad": 10.76923076923077, "Rendimiento Ajustado": 9500, "Rendimiento potencial Kg/ha": 10000}'::jsonb),
  ('palma_aceite', 'palma_aceite_elaeis_guineensis', 5, 'mantenimiento', 14000, 143, 10.76923076923077, NULL, 'Rendimientos estandar_', 242, '{"Agua": null, "Cultivo": "Palma de aceite Elaeis guineensis", "Densidad Caracteristicas": 143, "Edad": 5, "Etapa": "Mantenimiento", "Factor Densidad": 10.76923076923077, "Rendimiento Ajustado": 13300, "Rendimiento potencial Kg/ha": 14000}'::jsonb),
  ('palma_aceite', 'palma_aceite_elaeis_guineensis', 6, 'mantenimiento', 20000, 143, 10.76923076923077, NULL, 'Rendimientos estandar_', 243, '{"Agua": null, "Cultivo": "Palma de aceite Elaeis guineensis", "Densidad Caracteristicas": 143, "Edad": 6, "Etapa": "Mantenimiento", "Factor Densidad": 10.76923076923077, "Rendimiento Ajustado": 19000, "Rendimiento potencial Kg/ha": 20000}'::jsonb),
  ('palma_aceite', 'palma_aceite_elaeis_guineensis', 7, 'mantenimiento', 20000, 143, 10.76923076923077, NULL, 'Rendimientos estandar_', 244, '{"Agua": null, "Cultivo": "Palma de aceite Elaeis guineensis", "Densidad Caracteristicas": 143, "Edad": 7, "Etapa": "Mantenimiento", "Factor Densidad": 10.76923076923077, "Rendimiento Ajustado": 19000, "Rendimiento potencial Kg/ha": 20000}'::jsonb),
  ('palma_aceite', 'palma_aceite_elaeis_guineensis', 8, 'mantenimiento', 25000, 143, 10.76923076923077, NULL, 'Rendimientos estandar_', 245, '{"Agua": null, "Cultivo": "Palma de aceite Elaeis guineensis", "Densidad Caracteristicas": 143, "Edad": 8, "Etapa": "Mantenimiento", "Factor Densidad": 10.76923076923077, "Rendimiento Ajustado": 23750, "Rendimiento potencial Kg/ha": 25000}'::jsonb),
  ('palma_aceite', 'palma_aceite_elaeis_guineensis', 9, 'mantenimiento', 25000, 143, 10.76923076923077, NULL, 'Rendimientos estandar_', 246, '{"Agua": null, "Cultivo": "Palma de aceite Elaeis guineensis", "Densidad Caracteristicas": 143, "Edad": 9, "Etapa": "Mantenimiento", "Factor Densidad": 10.76923076923077, "Rendimiento Ajustado": 23750, "Rendimiento potencial Kg/ha": 25000}'::jsonb),
  ('palma_aceite', 'palma_aceite_elaeis_guineensis', 10, 'mantenimiento', 25000, 143, 10.76923076923077, NULL, 'Rendimientos estandar_', 247, '{"Agua": null, "Cultivo": "Palma de aceite Elaeis guineensis", "Densidad Caracteristicas": 143, "Edad": 10, "Etapa": "Mantenimiento", "Factor Densidad": 10.76923076923077, "Rendimiento Ajustado": 23750, "Rendimiento potencial Kg/ha": 25000}'::jsonb),
  ('palma_aceite', 'palma_aceite_elaeis_guineensis', 11, 'mantenimiento', 25000, 143, 10.76923076923077, NULL, 'Rendimientos estandar_', 248, '{"Agua": null, "Cultivo": "Palma de aceite Elaeis guineensis", "Densidad Caracteristicas": 143, "Edad": 11, "Etapa": "Mantenimiento", "Factor Densidad": 10.76923076923077, "Rendimiento Ajustado": 23750, "Rendimiento potencial Kg/ha": 25000}'::jsonb),
  ('palma_aceite', 'palma_aceite_elaeis_guineensis', 12, 'mantenimiento', 25000, 143, 10.76923076923077, NULL, 'Rendimientos estandar_', 249, '{"Agua": null, "Cultivo": "Palma de aceite Elaeis guineensis", "Densidad Caracteristicas": 143, "Edad": 12, "Etapa": "Mantenimiento", "Factor Densidad": 10.76923076923077, "Rendimiento Ajustado": 23750, "Rendimiento potencial Kg/ha": 25000}'::jsonb),
  ('palma_aceite', 'palma_aceite_elaeis_guineensis', 13, 'mantenimiento', 25000, 143, 10.76923076923077, NULL, 'Rendimientos estandar_', 250, '{"Agua": null, "Cultivo": "Palma de aceite Elaeis guineensis", "Densidad Caracteristicas": 143, "Edad": 13, "Etapa": "Mantenimiento", "Factor Densidad": 10.76923076923077, "Rendimiento Ajustado": 23750, "Rendimiento potencial Kg/ha": 25000}'::jsonb),
  ('palma_aceite', 'palma_aceite_elaeis_guineensis', 14, 'mantenimiento', 25000, 143, 10.76923076923077, NULL, 'Rendimientos estandar_', 251, '{"Agua": null, "Cultivo": "Palma de aceite Elaeis guineensis", "Densidad Caracteristicas": 143, "Edad": 14, "Etapa": "Mantenimiento", "Factor Densidad": 10.76923076923077, "Rendimiento Ajustado": 23750, "Rendimiento potencial Kg/ha": 25000}'::jsonb),
  ('palma_aceite', 'palma_aceite_elaeis_guineensis', 15, 'mantenimiento', 25000, 143, 10.76923076923077, NULL, 'Rendimientos estandar_', 252, '{"Agua": null, "Cultivo": "Palma de aceite Elaeis guineensis", "Densidad Caracteristicas": 143, "Edad": 15, "Etapa": "Mantenimiento", "Factor Densidad": 10.76923076923077, "Rendimiento Ajustado": 23750, "Rendimiento potencial Kg/ha": 25000}'::jsonb),
  ('palma_aceite', 'palma_aceite_elaeis_guineensis', 16, 'mantenimiento', 25000, 143, 10.76923076923077, NULL, 'Rendimientos estandar_', 253, '{"Agua": null, "Cultivo": "Palma de aceite Elaeis guineensis", "Densidad Caracteristicas": 143, "Edad": 16, "Etapa": "Mantenimiento", "Factor Densidad": 10.76923076923077, "Rendimiento Ajustado": 23750, "Rendimiento potencial Kg/ha": 25000}'::jsonb),
  ('palma_aceite', 'palma_aceite_elaeis_guineensis', 17, 'mantenimiento', 25000, 143, 10.76923076923077, NULL, 'Rendimientos estandar_', 254, '{"Agua": null, "Cultivo": "Palma de aceite Elaeis guineensis", "Densidad Caracteristicas": 143, "Edad": 17, "Etapa": "Mantenimiento", "Factor Densidad": 10.76923076923077, "Rendimiento Ajustado": 23750, "Rendimiento potencial Kg/ha": 25000}'::jsonb),
  ('palma_aceite', 'palma_aceite_elaeis_guineensis', 18, 'mantenimiento', 25000, 143, 10.76923076923077, NULL, 'Rendimientos estandar_', 255, '{"Agua": null, "Cultivo": "Palma de aceite Elaeis guineensis", "Densidad Caracteristicas": 143, "Edad": 18, "Etapa": "Mantenimiento", "Factor Densidad": 10.76923076923077, "Rendimiento Ajustado": 23750, "Rendimiento potencial Kg/ha": 25000}'::jsonb),
  ('palma_aceite', 'palma_aceite_elaeis_guineensis', 19, 'mantenimiento', 25000, 143, 10.76923076923077, NULL, 'Rendimientos estandar_', 256, '{"Agua": null, "Cultivo": "Palma de aceite Elaeis guineensis", "Densidad Caracteristicas": 143, "Edad": 19, "Etapa": "Mantenimiento", "Factor Densidad": 10.76923076923077, "Rendimiento Ajustado": 23750, "Rendimiento potencial Kg/ha": 25000}'::jsonb),
  ('palma_aceite', 'palma_aceite_elaeis_guineensis', 20, 'mantenimiento', 25000, 143, 10.76923076923077, NULL, 'Rendimientos estandar_', 257, '{"Agua": null, "Cultivo": "Palma de aceite Elaeis guineensis", "Densidad Caracteristicas": 143, "Edad": 20, "Etapa": "Mantenimiento", "Factor Densidad": 10.76923076923077, "Rendimiento Ajustado": 23750, "Rendimiento potencial Kg/ha": 25000}'::jsonb),
  ('palma_aceite', 'palma_aceite_elaeis_guineensis', 21, 'mantenimiento', 25000, 143, 10.76923076923077, NULL, 'Rendimientos estandar_', 258, '{"Agua": null, "Cultivo": "Palma de aceite Elaeis guineensis", "Densidad Caracteristicas": 143, "Edad": 21, "Etapa": "Mantenimiento", "Factor Densidad": 10.76923076923077, "Rendimiento Ajustado": 23750, "Rendimiento potencial Kg/ha": 25000}'::jsonb),
  ('palma_aceite', 'palma_aceite_elaeis_guineensis', 22, 'mantenimiento', 25000, 143, 10.76923076923077, NULL, 'Rendimientos estandar_', 259, '{"Agua": null, "Cultivo": "Palma de aceite Elaeis guineensis", "Densidad Caracteristicas": 143, "Edad": 22, "Etapa": "Mantenimiento", "Factor Densidad": 10.76923076923077, "Rendimiento Ajustado": 23750, "Rendimiento potencial Kg/ha": 25000}'::jsonb),
  ('palma_aceite', 'palma_aceite_elaeis_guineensis', 23, 'mantenimiento', 25000, 143, 10.76923076923077, NULL, 'Rendimientos estandar_', 260, '{"Agua": null, "Cultivo": "Palma de aceite Elaeis guineensis", "Densidad Caracteristicas": 143, "Edad": 23, "Etapa": "Mantenimiento", "Factor Densidad": 10.76923076923077, "Rendimiento Ajustado": 23750, "Rendimiento potencial Kg/ha": 25000}'::jsonb),
  ('palma_aceite', 'palma_aceite_elaeis_guineensis', 24, 'mantenimiento', 25000, 143, 10.76923076923077, NULL, 'Rendimientos estandar_', 261, '{"Agua": null, "Cultivo": "Palma de aceite Elaeis guineensis", "Densidad Caracteristicas": 143, "Edad": 24, "Etapa": "Mantenimiento", "Factor Densidad": 10.76923076923077, "Rendimiento Ajustado": 23750, "Rendimiento potencial Kg/ha": 25000}'::jsonb),
  ('palma_aceite', 'palma_aceite_elaeis_guineensis', 25, 'mantenimiento', 25000, 143, 10.76923076923077, NULL, 'Rendimientos estandar_', 262, '{"Agua": null, "Cultivo": "Palma de aceite Elaeis guineensis", "Densidad Caracteristicas": 143, "Edad": 25, "Etapa": "Mantenimiento", "Factor Densidad": 10.76923076923077, "Rendimiento Ajustado": 23750, "Rendimiento potencial Kg/ha": 25000}'::jsonb),
  ('platano', 'platano_dominico_harton', 1, 'establecimiento', 11000, 1316, 1.1702127659574468, NULL, 'Rendimientos estandar_', 263, '{"Agua": null, "Cultivo": "Plátano Domínico hartón", "Densidad Caracteristicas": 1316, "Edad": 1, "Etapa": "Establecimiento", "Factor Densidad": 1.1702127659574468, "Rendimiento Ajustado": 10450, "Rendimiento potencial Kg/ha": 11000}'::jsonb),
  ('platano', 'platano_dominico_harton', 2, 'mantenimiento', 18000, 1316, 1.1702127659574468, NULL, 'Rendimientos estandar_', 264, '{"Agua": null, "Cultivo": "Plátano Domínico hartón", "Densidad Caracteristicas": 1316, "Edad": 2, "Etapa": "Mantenimiento", "Factor Densidad": 1.1702127659574468, "Rendimiento Ajustado": 17100, "Rendimiento potencial Kg/ha": 18000}'::jsonb),
  ('platano', 'platano_dominico_harton', 3, 'mantenimiento', 17100, 1316, 1.1702127659574468, NULL, 'Rendimientos estandar_', 265, '{"Agua": null, "Cultivo": "Plátano Domínico hartón", "Densidad Caracteristicas": 1316, "Edad": 3, "Etapa": "Mantenimiento", "Factor Densidad": 1.1702127659574468, "Rendimiento Ajustado": 16245, "Rendimiento potencial Kg/ha": 17100}'::jsonb),
  ('platano', 'platano_dominico_harton', 4, 'mantenimiento', 16200, 1316, 1.1702127659574468, NULL, 'Rendimientos estandar_', 266, '{"Agua": null, "Cultivo": "Plátano Domínico hartón", "Densidad Caracteristicas": 1316, "Edad": 4, "Etapa": "Mantenimiento", "Factor Densidad": 1.1702127659574468, "Rendimiento Ajustado": 15390, "Rendimiento potencial Kg/ha": 16200}'::jsonb),
  ('platano', 'platano_dominico_harton', 5, 'mantenimiento', 15300, 1316, 1.1702127659574468, NULL, 'Rendimientos estandar_', 267, '{"Agua": null, "Cultivo": "Plátano Domínico hartón", "Densidad Caracteristicas": 1316, "Edad": 5, "Etapa": "Mantenimiento", "Factor Densidad": 1.1702127659574468, "Rendimiento Ajustado": 14535, "Rendimiento potencial Kg/ha": 15300}'::jsonb),
  ('platano', 'platano_dominico_harton', 6, 'mantenimiento', 14400, 1316, 1.1702127659574468, NULL, 'Rendimientos estandar_', 268, '{"Agua": null, "Cultivo": "Plátano Domínico hartón", "Densidad Caracteristicas": 1316, "Edad": 6, "Etapa": "Mantenimiento", "Factor Densidad": 1.1702127659574468, "Rendimiento Ajustado": 13680, "Rendimiento potencial Kg/ha": 14400}'::jsonb)
ON CONFLICT (source_sheet, source_row) DO UPDATE SET crop_id = EXCLUDED.crop_id, variety_id = EXCLUDED.variety_id, age_years = EXCLUDED.age_years, stage_id = EXCLUDED.stage_id, potential_yield_kg_ha = EXCLUDED.potential_yield_kg_ha, default_density_plants_ha = EXCLUDED.default_density_plants_ha, density_factor = EXCLUDED.density_factor, water_factor = EXCLUDED.water_factor, source_row_data = EXCLUDED.source_row_data;

